ISO-10303-21;
HEADER;
FILE_DESCRIPTION(('FreeCAD Model'),'2;1');
FILE_NAME('Open CASCADE Shape Model','2026-09-21T08:31:42',(''),(''),
  'Open CASCADE STEP processor 7.8','FreeCAD','Unknown');
FILE_SCHEMA(('AUTOMOTIVE_DESIGN { 1 0 10303 214 1 1 1 1 }'));
ENDSEC;
DATA;
#1 = APPLICATION_PROTOCOL_DEFINITION('international standard',
  'automotive_design',2000,#2);
#2 = APPLICATION_CONTEXT(
  'core data for automotive mechanical design processes');
#3 = SHAPE_DEFINITION_REPRESENTATION(#4,#10);
#4 = PRODUCT_DEFINITION_SHAPE('','',#5);
#5 = PRODUCT_DEFINITION('design','',#6,#9);
#6 = PRODUCT_DEFINITION_FORMATION('','',#7);
#7 = PRODUCT('Part','Part','',(#8));
#8 = PRODUCT_CONTEXT('',#2,'mechanical');
#9 = PRODUCT_DEFINITION_CONTEXT('part definition',#2,'design');
#10 = SHAPE_REPRESENTATION('',(#11,#15,#19,#23),#27);
#11 = AXIS2_PLACEMENT_3D('',#12,#13,#14);
#12 = CARTESIAN_POINT('',(0.,0.,0.));
#13 = DIRECTION('',(0.,0.,1.));
#14 = DIRECTION('',(1.,0.,-0.));
#15 = AXIS2_PLACEMENT_3D('',#16,#17,#18);
#16 = CARTESIAN_POINT('',(0.,0.,0.));
#17 = DIRECTION('',(0.,0.,1.));
#18 = DIRECTION('',(1.,0.,0.));
#19 = AXIS2_PLACEMENT_3D('',#20,#21,#22);
#20 = CARTESIAN_POINT('',(0.,0.,0.));
#21 = DIRECTION('',(0.,0.,1.));
#22 = DIRECTION('',(1.,0.,0.));
#23 = AXIS2_PLACEMENT_3D('',#24,#25,#26);
#24 = CARTESIAN_POINT('',(0.,0.,0.));
#25 = DIRECTION('',(0.,0.,1.));
#26 = DIRECTION('',(1.,0.,0.));
#27 = ( GEOMETRIC_REPRESENTATION_CONTEXT(3) 
GLOBAL_UNCERTAINTY_ASSIGNED_CONTEXT((#31)) GLOBAL_UNIT_ASSIGNED_CONTEXT(
(#28,#29,#30)) REPRESENTATION_CONTEXT('Context #1',
  '3D Context with UNIT and UNCERTAINTY') );
#28 = ( LENGTH_UNIT() NAMED_UNIT(*) SI_UNIT(.MILLI.,.METRE.) );
#29 = ( NAMED_UNIT(*) PLANE_ANGLE_UNIT() SI_UNIT($,.RADIAN.) );
#30 = ( NAMED_UNIT(*) SI_UNIT($,.STERADIAN.) SOLID_ANGLE_UNIT() );
#31 = UNCERTAINTY_MEASURE_WITH_UNIT(LENGTH_MEASURE(1.E-05),#28,
  'distance_accuracy_value','confusion accuracy');
#32 = PRODUCT_RELATED_PRODUCT_CATEGORY('part',$,(#7));
#33 = SHAPE_DEFINITION_REPRESENTATION(#34,#40);
#34 = PRODUCT_DEFINITION_SHAPE('','',#35);
#35 = PRODUCT_DEFINITION('design','',#36,#39);
#36 = PRODUCT_DEFINITION_FORMATION('','',#37);
#37 = PRODUCT('Body','Body','',(#38));
#38 = PRODUCT_CONTEXT('',#2,'mechanical');
#39 = PRODUCT_DEFINITION_CONTEXT('part definition',#2,'design');
#40 = ADVANCED_BREP_SHAPE_REPRESENTATION('',(#11,#41),#2213);
#41 = MANIFOLD_SOLID_BREP('',#42);
#42 = CLOSED_SHELL('',(#43,#153,#320,#345,#370,#403,#434,#459,#483,#508,
    #532,#557,#581,#599,#623,#648,#713,#753,#818,#843,#867,#892,#916,
    #941,#965,#983,#1016,#1041,#1058,#1075,#1092,#1123,#1209,#1227,#1244
    ,#1269,#1293,#1311,#1329,#1354,#1453,#1535,#1552,#1564,#1581,#1593,
    #1625,#1649,#1674,#1698,#1723,#1747,#1772,#1789,#1820,#1845,#1869,
    #1894,#1918,#1943,#1967,#1985,#2026,#2050,#2074,#2098,#2132,#2156,
    #2180,#2197));
#43 = ADVANCED_FACE('',(#44,#78),#148,.T.);
#44 = FACE_BOUND('',#45,.T.);
#45 = EDGE_LOOP('',(#46,#56,#64,#72));
#46 = ORIENTED_EDGE('',*,*,#47,.F.);
#47 = EDGE_CURVE('',#48,#50,#52,.T.);
#48 = VERTEX_POINT('',#49);
#49 = CARTESIAN_POINT('',(-32.,53.,5.));
#50 = VERTEX_POINT('',#51);
#51 = CARTESIAN_POINT('',(-32.,-53.,5.));
#52 = LINE('',#53,#54);
#53 = CARTESIAN_POINT('',(-32.,53.,5.));
#54 = VECTOR('',#55,1.);
#55 = DIRECTION('',(0.,-1.,0.));
#56 = ORIENTED_EDGE('',*,*,#57,.T.);
#57 = EDGE_CURVE('',#48,#58,#60,.T.);
#58 = VERTEX_POINT('',#59);
#59 = CARTESIAN_POINT('',(-32.,53.,-1.));
#60 = LINE('',#61,#62);
#61 = CARTESIAN_POINT('',(-32.,53.,8.));
#62 = VECTOR('',#63,1.);
#63 = DIRECTION('',(-0.,-0.,-1.));
#64 = ORIENTED_EDGE('',*,*,#65,.T.);
#65 = EDGE_CURVE('',#58,#66,#68,.T.);
#66 = VERTEX_POINT('',#67);
#67 = CARTESIAN_POINT('',(-32.,-53.,-1.));
#68 = LINE('',#69,#70);
#69 = CARTESIAN_POINT('',(-32.,54.,-1.));
#70 = VECTOR('',#71,1.);
#71 = DIRECTION('',(0.,-1.,0.));
#72 = ORIENTED_EDGE('',*,*,#73,.F.);
#73 = EDGE_CURVE('',#50,#66,#74,.T.);
#74 = LINE('',#75,#76);
#75 = CARTESIAN_POINT('',(-32.,-53.,8.));
#76 = VECTOR('',#77,1.);
#77 = DIRECTION('',(-0.,-0.,-1.));
#78 = FACE_BOUND('',#79,.T.);
#79 = EDGE_LOOP('',(#80,#90,#99,#107,#116,#124,#133,#141));
#80 = ORIENTED_EDGE('',*,*,#81,.F.);
#81 = EDGE_CURVE('',#82,#84,#86,.T.);
#82 = VERTEX_POINT('',#83);
#83 = CARTESIAN_POINT('',(-32.,42.2,0.75));
#84 = VERTEX_POINT('',#85);
#85 = CARTESIAN_POINT('',(-32.,35.2,0.75));
#86 = LINE('',#87,#88);
#87 = CARTESIAN_POINT('',(-32.,42.2,0.75));
#88 = VECTOR('',#89,1.);
#89 = DIRECTION('',(0.,-1.,0.));
#90 = ORIENTED_EDGE('',*,*,#91,.F.);
#91 = EDGE_CURVE('',#92,#82,#94,.T.);
#92 = VERTEX_POINT('',#93);
#93 = CARTESIAN_POINT('',(-32.,42.7,1.25));
#94 = CIRCLE('',#95,0.5);
#95 = AXIS2_PLACEMENT_3D('',#96,#97,#98);
#96 = CARTESIAN_POINT('',(-32.,42.2,1.25));
#97 = DIRECTION('',(-1.,0.,0.));
#98 = DIRECTION('',(0.,-1.,0.));
#99 = ORIENTED_EDGE('',*,*,#100,.F.);
#100 = EDGE_CURVE('',#101,#92,#103,.T.);
#101 = VERTEX_POINT('',#102);
#102 = CARTESIAN_POINT('',(-32.,42.7,2.75));
#103 = LINE('',#104,#105);
#104 = CARTESIAN_POINT('',(-32.,42.7,2.75));
#105 = VECTOR('',#106,1.);
#106 = DIRECTION('',(0.,0.,-1.));
#107 = ORIENTED_EDGE('',*,*,#108,.F.);
#108 = EDGE_CURVE('',#109,#101,#111,.T.);
#109 = VERTEX_POINT('',#110);
#110 = CARTESIAN_POINT('',(-32.,42.2,3.25));
#111 = CIRCLE('',#112,0.5);
#112 = AXIS2_PLACEMENT_3D('',#113,#114,#115);
#113 = CARTESIAN_POINT('',(-32.,42.2,2.75));
#114 = DIRECTION('',(-1.,0.,0.));
#115 = DIRECTION('',(0.,-1.,0.));
#116 = ORIENTED_EDGE('',*,*,#117,.F.);
#117 = EDGE_CURVE('',#118,#109,#120,.T.);
#118 = VERTEX_POINT('',#119);
#119 = CARTESIAN_POINT('',(-32.,35.2,3.25));
#120 = LINE('',#121,#122);
#121 = CARTESIAN_POINT('',(-32.,35.2,3.25));
#122 = VECTOR('',#123,1.);
#123 = DIRECTION('',(0.,1.,0.));
#124 = ORIENTED_EDGE('',*,*,#125,.F.);
#125 = EDGE_CURVE('',#126,#118,#128,.T.);
#126 = VERTEX_POINT('',#127);
#127 = CARTESIAN_POINT('',(-32.,34.7,2.75));
#128 = CIRCLE('',#129,0.5);
#129 = AXIS2_PLACEMENT_3D('',#130,#131,#132);
#130 = CARTESIAN_POINT('',(-32.,35.2,2.75));
#131 = DIRECTION('',(-1.,0.,0.));
#132 = DIRECTION('',(0.,-1.,0.));
#133 = ORIENTED_EDGE('',*,*,#134,.F.);
#134 = EDGE_CURVE('',#135,#126,#137,.T.);
#135 = VERTEX_POINT('',#136);
#136 = CARTESIAN_POINT('',(-32.,34.7,1.25));
#137 = LINE('',#138,#139);
#138 = CARTESIAN_POINT('',(-32.,34.7,1.25));
#139 = VECTOR('',#140,1.);
#140 = DIRECTION('',(0.,0.,1.));
#141 = ORIENTED_EDGE('',*,*,#142,.F.);
#142 = EDGE_CURVE('',#84,#135,#143,.T.);
#143 = CIRCLE('',#144,0.5);
#144 = AXIS2_PLACEMENT_3D('',#145,#146,#147);
#145 = CARTESIAN_POINT('',(-32.,35.2,1.25));
#146 = DIRECTION('',(-1.,0.,0.));
#147 = DIRECTION('',(0.,-1.,0.));
#148 = PLANE('',#149);
#149 = AXIS2_PLACEMENT_3D('',#150,#151,#152);
#150 = CARTESIAN_POINT('',(-32.,54.,8.));
#151 = DIRECTION('',(-1.,0.,0.));
#152 = DIRECTION('',(0.,-1.,0.));
#153 = ADVANCED_FACE('',(#154),#315,.T.);
#154 = FACE_BOUND('',#155,.T.);
#155 = EDGE_LOOP('',(#156,#165,#166,#175,#183,#192,#200,#208,#216,#225,
    #233,#242,#250,#259,#267,#276,#284,#292,#300,#309));
#156 = ORIENTED_EDGE('',*,*,#157,.F.);
#157 = EDGE_CURVE('',#48,#158,#160,.T.);
#158 = VERTEX_POINT('',#159);
#159 = CARTESIAN_POINT('',(-31.,54.,5.));
#160 = CIRCLE('',#161,1.);
#161 = AXIS2_PLACEMENT_3D('',#162,#163,#164);
#162 = CARTESIAN_POINT('',(-31.,53.,5.));
#163 = DIRECTION('',(0.,0.,-1.));
#164 = DIRECTION('',(0.,1.,0.));
#165 = ORIENTED_EDGE('',*,*,#47,.T.);
#166 = ORIENTED_EDGE('',*,*,#167,.T.);
#167 = EDGE_CURVE('',#50,#168,#170,.T.);
#168 = VERTEX_POINT('',#169);
#169 = CARTESIAN_POINT('',(-31.,-54.,5.));
#170 = CIRCLE('',#171,1.);
#171 = AXIS2_PLACEMENT_3D('',#172,#173,#174);
#172 = CARTESIAN_POINT('',(-31.,-53.,5.));
#173 = DIRECTION('',(0.,-0.,1.));
#174 = DIRECTION('',(0.,1.,0.));
#175 = ORIENTED_EDGE('',*,*,#176,.T.);
#176 = EDGE_CURVE('',#168,#177,#179,.T.);
#177 = VERTEX_POINT('',#178);
#178 = CARTESIAN_POINT('',(31.,-54.,5.));
#179 = LINE('',#180,#181);
#180 = CARTESIAN_POINT('',(-31.,-54.,5.));
#181 = VECTOR('',#182,1.);
#182 = DIRECTION('',(1.,0.,0.));
#183 = ORIENTED_EDGE('',*,*,#184,.T.);
#184 = EDGE_CURVE('',#177,#185,#187,.T.);
#185 = VERTEX_POINT('',#186);
#186 = CARTESIAN_POINT('',(32.,-53.,5.));
#187 = CIRCLE('',#188,1.);
#188 = AXIS2_PLACEMENT_3D('',#189,#190,#191);
#189 = CARTESIAN_POINT('',(31.,-53.,5.));
#190 = DIRECTION('',(0.,-0.,1.));
#191 = DIRECTION('',(0.,1.,0.));
#192 = ORIENTED_EDGE('',*,*,#193,.T.);
#193 = EDGE_CURVE('',#185,#194,#196,.T.);
#194 = VERTEX_POINT('',#195);
#195 = CARTESIAN_POINT('',(32.,19.55,5.));
#196 = LINE('',#197,#198);
#197 = CARTESIAN_POINT('',(32.,-53.,5.));
#198 = VECTOR('',#199,1.);
#199 = DIRECTION('',(0.,1.,0.));
#200 = ORIENTED_EDGE('',*,*,#201,.F.);
#201 = EDGE_CURVE('',#202,#194,#204,.T.);
#202 = VERTEX_POINT('',#203);
#203 = CARTESIAN_POINT('',(30.,19.55,5.));
#204 = LINE('',#205,#206);
#205 = CARTESIAN_POINT('',(16.,19.55,5.));
#206 = VECTOR('',#207,1.);
#207 = DIRECTION('',(1.,0.,0.));
#208 = ORIENTED_EDGE('',*,*,#209,.F.);
#209 = EDGE_CURVE('',#210,#202,#212,.T.);
#210 = VERTEX_POINT('',#211);
#211 = CARTESIAN_POINT('',(30.,-51.,5.));
#212 = LINE('',#213,#214);
#213 = CARTESIAN_POINT('',(30.,-51.,5.));
#214 = VECTOR('',#215,1.);
#215 = DIRECTION('',(0.,1.,0.));
#216 = ORIENTED_EDGE('',*,*,#217,.F.);
#217 = EDGE_CURVE('',#218,#210,#220,.T.);
#218 = VERTEX_POINT('',#219);
#219 = CARTESIAN_POINT('',(29.,-52.,5.));
#220 = CIRCLE('',#221,1.);
#221 = AXIS2_PLACEMENT_3D('',#222,#223,#224);
#222 = CARTESIAN_POINT('',(29.,-51.,5.));
#223 = DIRECTION('',(0.,0.,1.));
#224 = DIRECTION('',(1.,0.,0.));
#225 = ORIENTED_EDGE('',*,*,#226,.F.);
#226 = EDGE_CURVE('',#227,#218,#229,.T.);
#227 = VERTEX_POINT('',#228);
#228 = CARTESIAN_POINT('',(-29.,-52.,5.));
#229 = LINE('',#230,#231);
#230 = CARTESIAN_POINT('',(-29.,-52.,5.));
#231 = VECTOR('',#232,1.);
#232 = DIRECTION('',(1.,0.,0.));
#233 = ORIENTED_EDGE('',*,*,#234,.F.);
#234 = EDGE_CURVE('',#235,#227,#237,.T.);
#235 = VERTEX_POINT('',#236);
#236 = CARTESIAN_POINT('',(-30.,-51.,5.));
#237 = CIRCLE('',#238,1.);
#238 = AXIS2_PLACEMENT_3D('',#239,#240,#241);
#239 = CARTESIAN_POINT('',(-29.,-51.,5.));
#240 = DIRECTION('',(0.,0.,1.));
#241 = DIRECTION('',(1.,0.,0.));
#242 = ORIENTED_EDGE('',*,*,#243,.F.);
#243 = EDGE_CURVE('',#244,#235,#246,.T.);
#244 = VERTEX_POINT('',#245);
#245 = CARTESIAN_POINT('',(-30.,51.,5.));
#246 = LINE('',#247,#248);
#247 = CARTESIAN_POINT('',(-30.,51.,5.));
#248 = VECTOR('',#249,1.);
#249 = DIRECTION('',(0.,-1.,0.));
#250 = ORIENTED_EDGE('',*,*,#251,.F.);
#251 = EDGE_CURVE('',#252,#244,#254,.T.);
#252 = VERTEX_POINT('',#253);
#253 = CARTESIAN_POINT('',(-29.,52.,5.));
#254 = CIRCLE('',#255,1.);
#255 = AXIS2_PLACEMENT_3D('',#256,#257,#258);
#256 = CARTESIAN_POINT('',(-29.,51.,5.));
#257 = DIRECTION('',(0.,0.,1.));
#258 = DIRECTION('',(1.,0.,0.));
#259 = ORIENTED_EDGE('',*,*,#260,.F.);
#260 = EDGE_CURVE('',#261,#252,#263,.T.);
#261 = VERTEX_POINT('',#262);
#262 = CARTESIAN_POINT('',(29.,52.,5.));
#263 = LINE('',#264,#265);
#264 = CARTESIAN_POINT('',(29.,52.,5.));
#265 = VECTOR('',#266,1.);
#266 = DIRECTION('',(-1.,0.,0.));
#267 = ORIENTED_EDGE('',*,*,#268,.F.);
#268 = EDGE_CURVE('',#269,#261,#271,.T.);
#269 = VERTEX_POINT('',#270);
#270 = CARTESIAN_POINT('',(30.,51.,5.));
#271 = CIRCLE('',#272,1.);
#272 = AXIS2_PLACEMENT_3D('',#273,#274,#275);
#273 = CARTESIAN_POINT('',(29.,51.,5.));
#274 = DIRECTION('',(0.,0.,1.));
#275 = DIRECTION('',(1.,0.,0.));
#276 = ORIENTED_EDGE('',*,*,#277,.F.);
#277 = EDGE_CURVE('',#278,#269,#280,.T.);
#278 = VERTEX_POINT('',#279);
#279 = CARTESIAN_POINT('',(30.,31.55,5.));
#280 = LINE('',#281,#282);
#281 = CARTESIAN_POINT('',(30.,-51.,5.));
#282 = VECTOR('',#283,1.);
#283 = DIRECTION('',(0.,1.,0.));
#284 = ORIENTED_EDGE('',*,*,#285,.F.);
#285 = EDGE_CURVE('',#286,#278,#288,.T.);
#286 = VERTEX_POINT('',#287);
#287 = CARTESIAN_POINT('',(32.,31.55,5.));
#288 = LINE('',#289,#290);
#289 = CARTESIAN_POINT('',(16.,31.55,5.));
#290 = VECTOR('',#291,1.);
#291 = DIRECTION('',(-1.,0.,0.));
#292 = ORIENTED_EDGE('',*,*,#293,.T.);
#293 = EDGE_CURVE('',#286,#294,#296,.T.);
#294 = VERTEX_POINT('',#295);
#295 = CARTESIAN_POINT('',(32.,53.,5.));
#296 = LINE('',#297,#298);
#297 = CARTESIAN_POINT('',(32.,-53.,5.));
#298 = VECTOR('',#299,1.);
#299 = DIRECTION('',(0.,1.,0.));
#300 = ORIENTED_EDGE('',*,*,#301,.F.);
#301 = EDGE_CURVE('',#302,#294,#304,.T.);
#302 = VERTEX_POINT('',#303);
#303 = CARTESIAN_POINT('',(31.,54.,5.));
#304 = CIRCLE('',#305,1.);
#305 = AXIS2_PLACEMENT_3D('',#306,#307,#308);
#306 = CARTESIAN_POINT('',(31.,53.,5.));
#307 = DIRECTION('',(0.,0.,-1.));
#308 = DIRECTION('',(0.,1.,0.));
#309 = ORIENTED_EDGE('',*,*,#310,.T.);
#310 = EDGE_CURVE('',#302,#158,#311,.T.);
#311 = LINE('',#312,#313);
#312 = CARTESIAN_POINT('',(31.,54.,5.));
#313 = VECTOR('',#314,1.);
#314 = DIRECTION('',(-1.,0.,0.));
#315 = PLANE('',#316);
#316 = AXIS2_PLACEMENT_3D('',#317,#318,#319);
#317 = CARTESIAN_POINT('',(1.43E-15,-1.19E-15,5.));
#318 = DIRECTION('',(0.,0.,1.));
#319 = DIRECTION('',(1.,0.,0.));
#320 = ADVANCED_FACE('',(#321),#340,.T.);
#321 = FACE_BOUND('',#322,.T.);
#322 = EDGE_LOOP('',(#323,#324,#325,#333));
#323 = ORIENTED_EDGE('',*,*,#57,.F.);
#324 = ORIENTED_EDGE('',*,*,#157,.T.);
#325 = ORIENTED_EDGE('',*,*,#326,.T.);
#326 = EDGE_CURVE('',#158,#327,#329,.T.);
#327 = VERTEX_POINT('',#328);
#328 = CARTESIAN_POINT('',(-31.,54.,-1.));
#329 = LINE('',#330,#331);
#330 = CARTESIAN_POINT('',(-31.,54.,8.));
#331 = VECTOR('',#332,1.);
#332 = DIRECTION('',(-0.,-0.,-1.));
#333 = ORIENTED_EDGE('',*,*,#334,.F.);
#334 = EDGE_CURVE('',#58,#327,#335,.T.);
#335 = CIRCLE('',#336,1.);
#336 = AXIS2_PLACEMENT_3D('',#337,#338,#339);
#337 = CARTESIAN_POINT('',(-31.,53.,-1.));
#338 = DIRECTION('',(0.,-2.8E-16,-1.));
#339 = DIRECTION('',(0.,1.,-2.8E-16));
#340 = CYLINDRICAL_SURFACE('',#341,1.);
#341 = AXIS2_PLACEMENT_3D('',#342,#343,#344);
#342 = CARTESIAN_POINT('',(-31.,53.,8.));
#343 = DIRECTION('',(-0.,-0.,-1.));
#344 = DIRECTION('',(-1.,0.,0.));
#345 = ADVANCED_FACE('',(#346),#365,.T.);
#346 = FACE_BOUND('',#347,.F.);
#347 = EDGE_LOOP('',(#348,#349,#350,#358));
#348 = ORIENTED_EDGE('',*,*,#73,.F.);
#349 = ORIENTED_EDGE('',*,*,#167,.T.);
#350 = ORIENTED_EDGE('',*,*,#351,.T.);
#351 = EDGE_CURVE('',#168,#352,#354,.T.);
#352 = VERTEX_POINT('',#353);
#353 = CARTESIAN_POINT('',(-31.,-54.,-1.));
#354 = LINE('',#355,#356);
#355 = CARTESIAN_POINT('',(-31.,-54.,8.));
#356 = VECTOR('',#357,1.);
#357 = DIRECTION('',(-0.,-0.,-1.));
#358 = ORIENTED_EDGE('',*,*,#359,.T.);
#359 = EDGE_CURVE('',#352,#66,#360,.T.);
#360 = CIRCLE('',#361,1.);
#361 = AXIS2_PLACEMENT_3D('',#362,#363,#364);
#362 = CARTESIAN_POINT('',(-31.,-53.,-1.));
#363 = DIRECTION('',(2.8E-16,0.,-1.));
#364 = DIRECTION('',(-1.,0.,-2.8E-16));
#365 = CYLINDRICAL_SURFACE('',#366,1.);
#366 = AXIS2_PLACEMENT_3D('',#367,#368,#369);
#367 = CARTESIAN_POINT('',(-31.,-53.,8.));
#368 = DIRECTION('',(-0.,-0.,-1.));
#369 = DIRECTION('',(-1.,0.,0.));
#370 = ADVANCED_FACE('',(#371),#398,.T.);
#371 = FACE_BOUND('',#372,.T.);
#372 = EDGE_LOOP('',(#373,#382,#390,#397));
#373 = ORIENTED_EDGE('',*,*,#374,.T.);
#374 = EDGE_CURVE('',#58,#375,#377,.T.);
#375 = VERTEX_POINT('',#376);
#376 = CARTESIAN_POINT('',(-31.,53.,-2.));
#377 = CIRCLE('',#378,1.);
#378 = AXIS2_PLACEMENT_3D('',#379,#380,#381);
#379 = CARTESIAN_POINT('',(-31.,53.,-1.));
#380 = DIRECTION('',(0.,-1.,0.));
#381 = DIRECTION('',(0.,0.,-1.));
#382 = ORIENTED_EDGE('',*,*,#383,.T.);
#383 = EDGE_CURVE('',#375,#384,#386,.T.);
#384 = VERTEX_POINT('',#385);
#385 = CARTESIAN_POINT('',(-31.,-53.,-2.));
#386 = LINE('',#387,#388);
#387 = CARTESIAN_POINT('',(-31.,54.,-2.));
#388 = VECTOR('',#389,1.);
#389 = DIRECTION('',(0.,-1.,0.));
#390 = ORIENTED_EDGE('',*,*,#391,.T.);
#391 = EDGE_CURVE('',#384,#66,#392,.T.);
#392 = CIRCLE('',#393,1.);
#393 = AXIS2_PLACEMENT_3D('',#394,#395,#396);
#394 = CARTESIAN_POINT('',(-31.,-53.,-1.));
#395 = DIRECTION('',(0.,1.,0.));
#396 = DIRECTION('',(0.,0.,-1.));
#397 = ORIENTED_EDGE('',*,*,#65,.F.);
#398 = CYLINDRICAL_SURFACE('',#399,1.);
#399 = AXIS2_PLACEMENT_3D('',#400,#401,#402);
#400 = CARTESIAN_POINT('',(-31.,54.,-1.));
#401 = DIRECTION('',(0.,-1.,0.));
#402 = DIRECTION('',(-1.,0.,0.));
#403 = ADVANCED_FACE('',(#404),#429,.F.);
#404 = FACE_BOUND('',#405,.F.);
#405 = EDGE_LOOP('',(#406,#414,#422,#428));
#406 = ORIENTED_EDGE('',*,*,#407,.T.);
#407 = EDGE_CURVE('',#82,#408,#410,.T.);
#408 = VERTEX_POINT('',#409);
#409 = CARTESIAN_POINT('',(-29.,42.2,0.75));
#410 = LINE('',#411,#412);
#411 = CARTESIAN_POINT('',(-32.,42.2,0.75));
#412 = VECTOR('',#413,1.);
#413 = DIRECTION('',(1.,0.,0.));
#414 = ORIENTED_EDGE('',*,*,#415,.T.);
#415 = EDGE_CURVE('',#408,#416,#418,.T.);
#416 = VERTEX_POINT('',#417);
#417 = CARTESIAN_POINT('',(-29.,35.2,0.75));
#418 = LINE('',#419,#420);
#419 = CARTESIAN_POINT('',(-29.,42.2,0.75));
#420 = VECTOR('',#421,1.);
#421 = DIRECTION('',(0.,-1.,0.));
#422 = ORIENTED_EDGE('',*,*,#423,.F.);
#423 = EDGE_CURVE('',#84,#416,#424,.T.);
#424 = LINE('',#425,#426);
#425 = CARTESIAN_POINT('',(-32.,35.2,0.75));
#426 = VECTOR('',#427,1.);
#427 = DIRECTION('',(1.,0.,0.));
#428 = ORIENTED_EDGE('',*,*,#81,.F.);
#429 = PLANE('',#430);
#430 = AXIS2_PLACEMENT_3D('',#431,#432,#433);
#431 = CARTESIAN_POINT('',(-32.,42.2,0.75));
#432 = DIRECTION('',(0.,0.,-1.));
#433 = DIRECTION('',(0.,-1.,0.));
#434 = ADVANCED_FACE('',(#435),#454,.F.);
#435 = FACE_BOUND('',#436,.F.);
#436 = EDGE_LOOP('',(#437,#438,#447,#453));
#437 = ORIENTED_EDGE('',*,*,#423,.T.);
#438 = ORIENTED_EDGE('',*,*,#439,.T.);
#439 = EDGE_CURVE('',#416,#440,#442,.T.);
#440 = VERTEX_POINT('',#441);
#441 = CARTESIAN_POINT('',(-29.,34.7,1.25));
#442 = CIRCLE('',#443,0.5);
#443 = AXIS2_PLACEMENT_3D('',#444,#445,#446);
#444 = CARTESIAN_POINT('',(-29.,35.2,1.25));
#445 = DIRECTION('',(-1.,0.,0.));
#446 = DIRECTION('',(0.,-1.,0.));
#447 = ORIENTED_EDGE('',*,*,#448,.F.);
#448 = EDGE_CURVE('',#135,#440,#449,.T.);
#449 = LINE('',#450,#451);
#450 = CARTESIAN_POINT('',(-32.,34.7,1.25));
#451 = VECTOR('',#452,1.);
#452 = DIRECTION('',(1.,0.,0.));
#453 = ORIENTED_EDGE('',*,*,#142,.F.);
#454 = CYLINDRICAL_SURFACE('',#455,0.5);
#455 = AXIS2_PLACEMENT_3D('',#456,#457,#458);
#456 = CARTESIAN_POINT('',(-32.,35.2,1.25));
#457 = DIRECTION('',(-1.,0.,0.));
#458 = DIRECTION('',(0.,-1.,0.));
#459 = ADVANCED_FACE('',(#460),#478,.F.);
#460 = FACE_BOUND('',#461,.F.);
#461 = EDGE_LOOP('',(#462,#463,#471,#477));
#462 = ORIENTED_EDGE('',*,*,#448,.T.);
#463 = ORIENTED_EDGE('',*,*,#464,.T.);
#464 = EDGE_CURVE('',#440,#465,#467,.T.);
#465 = VERTEX_POINT('',#466);
#466 = CARTESIAN_POINT('',(-29.,34.7,2.75));
#467 = LINE('',#468,#469);
#468 = CARTESIAN_POINT('',(-29.,34.7,1.25));
#469 = VECTOR('',#470,1.);
#470 = DIRECTION('',(0.,0.,1.));
#471 = ORIENTED_EDGE('',*,*,#472,.F.);
#472 = EDGE_CURVE('',#126,#465,#473,.T.);
#473 = LINE('',#474,#475);
#474 = CARTESIAN_POINT('',(-32.,34.7,2.75));
#475 = VECTOR('',#476,1.);
#476 = DIRECTION('',(1.,0.,0.));
#477 = ORIENTED_EDGE('',*,*,#134,.F.);
#478 = PLANE('',#479);
#479 = AXIS2_PLACEMENT_3D('',#480,#481,#482);
#480 = CARTESIAN_POINT('',(-32.,34.7,1.25));
#481 = DIRECTION('',(0.,-1.,0.));
#482 = DIRECTION('',(0.,0.,1.));
#483 = ADVANCED_FACE('',(#484),#503,.F.);
#484 = FACE_BOUND('',#485,.F.);
#485 = EDGE_LOOP('',(#486,#487,#496,#502));
#486 = ORIENTED_EDGE('',*,*,#472,.T.);
#487 = ORIENTED_EDGE('',*,*,#488,.T.);
#488 = EDGE_CURVE('',#465,#489,#491,.T.);
#489 = VERTEX_POINT('',#490);
#490 = CARTESIAN_POINT('',(-29.,35.2,3.25));
#491 = CIRCLE('',#492,0.5);
#492 = AXIS2_PLACEMENT_3D('',#493,#494,#495);
#493 = CARTESIAN_POINT('',(-29.,35.2,2.75));
#494 = DIRECTION('',(-1.,0.,0.));
#495 = DIRECTION('',(0.,-1.,0.));
#496 = ORIENTED_EDGE('',*,*,#497,.F.);
#497 = EDGE_CURVE('',#118,#489,#498,.T.);
#498 = LINE('',#499,#500);
#499 = CARTESIAN_POINT('',(-32.,35.2,3.25));
#500 = VECTOR('',#501,1.);
#501 = DIRECTION('',(1.,0.,0.));
#502 = ORIENTED_EDGE('',*,*,#125,.F.);
#503 = CYLINDRICAL_SURFACE('',#504,0.5);
#504 = AXIS2_PLACEMENT_3D('',#505,#506,#507);
#505 = CARTESIAN_POINT('',(-32.,35.2,2.75));
#506 = DIRECTION('',(-1.,0.,0.));
#507 = DIRECTION('',(0.,-1.,0.));
#508 = ADVANCED_FACE('',(#509),#527,.F.);
#509 = FACE_BOUND('',#510,.F.);
#510 = EDGE_LOOP('',(#511,#512,#520,#526));
#511 = ORIENTED_EDGE('',*,*,#497,.T.);
#512 = ORIENTED_EDGE('',*,*,#513,.T.);
#513 = EDGE_CURVE('',#489,#514,#516,.T.);
#514 = VERTEX_POINT('',#515);
#515 = CARTESIAN_POINT('',(-29.,42.2,3.25));
#516 = LINE('',#517,#518);
#517 = CARTESIAN_POINT('',(-29.,35.2,3.25));
#518 = VECTOR('',#519,1.);
#519 = DIRECTION('',(0.,1.,0.));
#520 = ORIENTED_EDGE('',*,*,#521,.F.);
#521 = EDGE_CURVE('',#109,#514,#522,.T.);
#522 = LINE('',#523,#524);
#523 = CARTESIAN_POINT('',(-32.,42.2,3.25));
#524 = VECTOR('',#525,1.);
#525 = DIRECTION('',(1.,0.,0.));
#526 = ORIENTED_EDGE('',*,*,#117,.F.);
#527 = PLANE('',#528);
#528 = AXIS2_PLACEMENT_3D('',#529,#530,#531);
#529 = CARTESIAN_POINT('',(-32.,35.2,3.25));
#530 = DIRECTION('',(0.,0.,1.));
#531 = DIRECTION('',(0.,1.,0.));
#532 = ADVANCED_FACE('',(#533),#552,.F.);
#533 = FACE_BOUND('',#534,.F.);
#534 = EDGE_LOOP('',(#535,#536,#545,#551));
#535 = ORIENTED_EDGE('',*,*,#521,.T.);
#536 = ORIENTED_EDGE('',*,*,#537,.T.);
#537 = EDGE_CURVE('',#514,#538,#540,.T.);
#538 = VERTEX_POINT('',#539);
#539 = CARTESIAN_POINT('',(-29.,42.7,2.75));
#540 = CIRCLE('',#541,0.5);
#541 = AXIS2_PLACEMENT_3D('',#542,#543,#544);
#542 = CARTESIAN_POINT('',(-29.,42.2,2.75));
#543 = DIRECTION('',(-1.,0.,0.));
#544 = DIRECTION('',(0.,-1.,0.));
#545 = ORIENTED_EDGE('',*,*,#546,.F.);
#546 = EDGE_CURVE('',#101,#538,#547,.T.);
#547 = LINE('',#548,#549);
#548 = CARTESIAN_POINT('',(-32.,42.7,2.75));
#549 = VECTOR('',#550,1.);
#550 = DIRECTION('',(1.,0.,0.));
#551 = ORIENTED_EDGE('',*,*,#108,.F.);
#552 = CYLINDRICAL_SURFACE('',#553,0.5);
#553 = AXIS2_PLACEMENT_3D('',#554,#555,#556);
#554 = CARTESIAN_POINT('',(-32.,42.2,2.75));
#555 = DIRECTION('',(-1.,0.,0.));
#556 = DIRECTION('',(0.,-1.,0.));
#557 = ADVANCED_FACE('',(#558),#576,.F.);
#558 = FACE_BOUND('',#559,.F.);
#559 = EDGE_LOOP('',(#560,#561,#569,#575));
#560 = ORIENTED_EDGE('',*,*,#546,.T.);
#561 = ORIENTED_EDGE('',*,*,#562,.T.);
#562 = EDGE_CURVE('',#538,#563,#565,.T.);
#563 = VERTEX_POINT('',#564);
#564 = CARTESIAN_POINT('',(-29.,42.7,1.25));
#565 = LINE('',#566,#567);
#566 = CARTESIAN_POINT('',(-29.,42.7,2.75));
#567 = VECTOR('',#568,1.);
#568 = DIRECTION('',(0.,0.,-1.));
#569 = ORIENTED_EDGE('',*,*,#570,.F.);
#570 = EDGE_CURVE('',#92,#563,#571,.T.);
#571 = LINE('',#572,#573);
#572 = CARTESIAN_POINT('',(-32.,42.7,1.25));
#573 = VECTOR('',#574,1.);
#574 = DIRECTION('',(1.,0.,0.));
#575 = ORIENTED_EDGE('',*,*,#100,.F.);
#576 = PLANE('',#577);
#577 = AXIS2_PLACEMENT_3D('',#578,#579,#580);
#578 = CARTESIAN_POINT('',(-32.,42.7,2.75));
#579 = DIRECTION('',(0.,1.,0.));
#580 = DIRECTION('',(0.,0.,-1.));
#581 = ADVANCED_FACE('',(#582),#594,.F.);
#582 = FACE_BOUND('',#583,.F.);
#583 = EDGE_LOOP('',(#584,#585,#592,#593));
#584 = ORIENTED_EDGE('',*,*,#570,.T.);
#585 = ORIENTED_EDGE('',*,*,#586,.T.);
#586 = EDGE_CURVE('',#563,#408,#587,.T.);
#587 = CIRCLE('',#588,0.5);
#588 = AXIS2_PLACEMENT_3D('',#589,#590,#591);
#589 = CARTESIAN_POINT('',(-29.,42.2,1.25));
#590 = DIRECTION('',(-1.,0.,0.));
#591 = DIRECTION('',(0.,-1.,0.));
#592 = ORIENTED_EDGE('',*,*,#407,.F.);
#593 = ORIENTED_EDGE('',*,*,#91,.F.);
#594 = CYLINDRICAL_SURFACE('',#595,0.5);
#595 = AXIS2_PLACEMENT_3D('',#596,#597,#598);
#596 = CARTESIAN_POINT('',(-32.,42.2,1.25));
#597 = DIRECTION('',(-1.,0.,0.));
#598 = DIRECTION('',(0.,-1.,0.));
#599 = ADVANCED_FACE('',(#600),#618,.T.);
#600 = FACE_BOUND('',#601,.T.);
#601 = EDGE_LOOP('',(#602,#603,#611,#617));
#602 = ORIENTED_EDGE('',*,*,#310,.F.);
#603 = ORIENTED_EDGE('',*,*,#604,.T.);
#604 = EDGE_CURVE('',#302,#605,#607,.T.);
#605 = VERTEX_POINT('',#606);
#606 = CARTESIAN_POINT('',(31.,54.,-1.));
#607 = LINE('',#608,#609);
#608 = CARTESIAN_POINT('',(31.,54.,8.));
#609 = VECTOR('',#610,1.);
#610 = DIRECTION('',(-0.,-0.,-1.));
#611 = ORIENTED_EDGE('',*,*,#612,.T.);
#612 = EDGE_CURVE('',#605,#327,#613,.T.);
#613 = LINE('',#614,#615);
#614 = CARTESIAN_POINT('',(32.,54.,-1.));
#615 = VECTOR('',#616,1.);
#616 = DIRECTION('',(-1.,0.,0.));
#617 = ORIENTED_EDGE('',*,*,#326,.F.);
#618 = PLANE('',#619);
#619 = AXIS2_PLACEMENT_3D('',#620,#621,#622);
#620 = CARTESIAN_POINT('',(32.,54.,8.));
#621 = DIRECTION('',(0.,1.,0.));
#622 = DIRECTION('',(-1.,0.,0.));
#623 = ADVANCED_FACE('',(#624),#643,.T.);
#624 = FACE_BOUND('',#625,.T.);
#625 = EDGE_LOOP('',(#626,#627,#628,#636));
#626 = ORIENTED_EDGE('',*,*,#604,.F.);
#627 = ORIENTED_EDGE('',*,*,#301,.T.);
#628 = ORIENTED_EDGE('',*,*,#629,.T.);
#629 = EDGE_CURVE('',#294,#630,#632,.T.);
#630 = VERTEX_POINT('',#631);
#631 = CARTESIAN_POINT('',(32.,53.,-1.));
#632 = LINE('',#633,#634);
#633 = CARTESIAN_POINT('',(32.,53.,8.));
#634 = VECTOR('',#635,1.);
#635 = DIRECTION('',(-0.,-0.,-1.));
#636 = ORIENTED_EDGE('',*,*,#637,.F.);
#637 = EDGE_CURVE('',#605,#630,#638,.T.);
#638 = CIRCLE('',#639,1.);
#639 = AXIS2_PLACEMENT_3D('',#640,#641,#642);
#640 = CARTESIAN_POINT('',(31.,53.,-1.));
#641 = DIRECTION('',(-2.8E-16,-0.,-1.));
#642 = DIRECTION('',(1.,0.,-2.8E-16));
#643 = CYLINDRICAL_SURFACE('',#644,1.);
#644 = AXIS2_PLACEMENT_3D('',#645,#646,#647);
#645 = CARTESIAN_POINT('',(31.,53.,8.));
#646 = DIRECTION('',(-0.,-0.,-1.));
#647 = DIRECTION('',(0.,1.,0.));
#648 = ADVANCED_FACE('',(#649),#708,.T.);
#649 = FACE_BOUND('',#650,.T.);
#650 = EDGE_LOOP('',(#651,#652,#660,#666,#667,#668,#676,#685,#693,#702)
  );
#651 = ORIENTED_EDGE('',*,*,#193,.F.);
#652 = ORIENTED_EDGE('',*,*,#653,.T.);
#653 = EDGE_CURVE('',#185,#654,#656,.T.);
#654 = VERTEX_POINT('',#655);
#655 = CARTESIAN_POINT('',(32.,-53.,-1.));
#656 = LINE('',#657,#658);
#657 = CARTESIAN_POINT('',(32.,-53.,8.));
#658 = VECTOR('',#659,1.);
#659 = DIRECTION('',(-0.,-0.,-1.));
#660 = ORIENTED_EDGE('',*,*,#661,.T.);
#661 = EDGE_CURVE('',#654,#630,#662,.T.);
#662 = LINE('',#663,#664);
#663 = CARTESIAN_POINT('',(32.,-54.,-1.));
#664 = VECTOR('',#665,1.);
#665 = DIRECTION('',(0.,1.,0.));
#666 = ORIENTED_EDGE('',*,*,#629,.F.);
#667 = ORIENTED_EDGE('',*,*,#293,.F.);
#668 = ORIENTED_EDGE('',*,*,#669,.F.);
#669 = EDGE_CURVE('',#670,#286,#672,.T.);
#670 = VERTEX_POINT('',#671);
#671 = CARTESIAN_POINT('',(32.,31.55,2.32));
#672 = LINE('',#673,#674);
#673 = CARTESIAN_POINT('',(32.,31.55,2.32));
#674 = VECTOR('',#675,1.);
#675 = DIRECTION('',(0.,0.,1.));
#676 = ORIENTED_EDGE('',*,*,#677,.F.);
#677 = EDGE_CURVE('',#678,#670,#680,.T.);
#678 = VERTEX_POINT('',#679);
#679 = CARTESIAN_POINT('',(32.,30.55,1.32));
#680 = CIRCLE('',#681,1.);
#681 = AXIS2_PLACEMENT_3D('',#682,#683,#684);
#682 = CARTESIAN_POINT('',(32.,30.55,2.32));
#683 = DIRECTION('',(1.,0.,0.));
#684 = DIRECTION('',(0.,1.,0.));
#685 = ORIENTED_EDGE('',*,*,#686,.F.);
#686 = EDGE_CURVE('',#687,#678,#689,.T.);
#687 = VERTEX_POINT('',#688);
#688 = CARTESIAN_POINT('',(32.,20.55,1.32));
#689 = LINE('',#690,#691);
#690 = CARTESIAN_POINT('',(32.,20.55,1.32));
#691 = VECTOR('',#692,1.);
#692 = DIRECTION('',(0.,1.,0.));
#693 = ORIENTED_EDGE('',*,*,#694,.F.);
#694 = EDGE_CURVE('',#695,#687,#697,.T.);
#695 = VERTEX_POINT('',#696);
#696 = CARTESIAN_POINT('',(32.,19.55,2.32));
#697 = CIRCLE('',#698,1.);
#698 = AXIS2_PLACEMENT_3D('',#699,#700,#701);
#699 = CARTESIAN_POINT('',(32.,20.55,2.32));
#700 = DIRECTION('',(1.,0.,0.));
#701 = DIRECTION('',(0.,1.,0.));
#702 = ORIENTED_EDGE('',*,*,#703,.F.);
#703 = EDGE_CURVE('',#194,#695,#704,.T.);
#704 = LINE('',#705,#706);
#705 = CARTESIAN_POINT('',(32.,19.55,6.32));
#706 = VECTOR('',#707,1.);
#707 = DIRECTION('',(0.,0.,-1.));
#708 = PLANE('',#709);
#709 = AXIS2_PLACEMENT_3D('',#710,#711,#712);
#710 = CARTESIAN_POINT('',(32.,-54.,8.));
#711 = DIRECTION('',(1.,0.,0.));
#712 = DIRECTION('',(0.,1.,0.));
#713 = ADVANCED_FACE('',(#714),#748,.F.);
#714 = FACE_BOUND('',#715,.F.);
#715 = EDGE_LOOP('',(#716,#717,#725,#733,#741,#747));
#716 = ORIENTED_EDGE('',*,*,#669,.F.);
#717 = ORIENTED_EDGE('',*,*,#718,.T.);
#718 = EDGE_CURVE('',#670,#719,#721,.T.);
#719 = VERTEX_POINT('',#720);
#720 = CARTESIAN_POINT('',(21.,31.55,2.32));
#721 = LINE('',#722,#723);
#722 = CARTESIAN_POINT('',(32.,31.55,2.32));
#723 = VECTOR('',#724,1.);
#724 = DIRECTION('',(-1.,-0.,-0.));
#725 = ORIENTED_EDGE('',*,*,#726,.T.);
#726 = EDGE_CURVE('',#719,#727,#729,.T.);
#727 = VERTEX_POINT('',#728);
#728 = CARTESIAN_POINT('',(21.,31.55,6.32));
#729 = LINE('',#730,#731);
#730 = CARTESIAN_POINT('',(21.,31.55,2.32));
#731 = VECTOR('',#732,1.);
#732 = DIRECTION('',(0.,0.,1.));
#733 = ORIENTED_EDGE('',*,*,#734,.F.);
#734 = EDGE_CURVE('',#735,#727,#737,.T.);
#735 = VERTEX_POINT('',#736);
#736 = CARTESIAN_POINT('',(30.,31.55,6.32));
#737 = LINE('',#738,#739);
#738 = CARTESIAN_POINT('',(32.,31.55,6.32));
#739 = VECTOR('',#740,1.);
#740 = DIRECTION('',(-1.,-0.,-0.));
#741 = ORIENTED_EDGE('',*,*,#742,.F.);
#742 = EDGE_CURVE('',#278,#735,#743,.T.);
#743 = LINE('',#744,#745);
#744 = CARTESIAN_POINT('',(30.,31.55,5.16));
#745 = VECTOR('',#746,1.);
#746 = DIRECTION('',(0.,0.,1.));
#747 = ORIENTED_EDGE('',*,*,#285,.F.);
#748 = PLANE('',#749);
#749 = AXIS2_PLACEMENT_3D('',#750,#751,#752);
#750 = CARTESIAN_POINT('',(32.,31.55,2.32));
#751 = DIRECTION('',(0.,1.,0.));
#752 = DIRECTION('',(0.,0.,1.));
#753 = ADVANCED_FACE('',(#754),#813,.T.);
#754 = FACE_BOUND('',#755,.T.);
#755 = EDGE_LOOP('',(#756,#766,#772,#773,#781,#790,#798,#805,#806,#807)
  );
#756 = ORIENTED_EDGE('',*,*,#757,.F.);
#757 = EDGE_CURVE('',#758,#760,#762,.T.);
#758 = VERTEX_POINT('',#759);
#759 = CARTESIAN_POINT('',(30.,-51.,8.));
#760 = VERTEX_POINT('',#761);
#761 = CARTESIAN_POINT('',(30.,51.,8.));
#762 = LINE('',#763,#764);
#763 = CARTESIAN_POINT('',(30.,-51.,8.));
#764 = VECTOR('',#765,1.);
#765 = DIRECTION('',(0.,1.,0.));
#766 = ORIENTED_EDGE('',*,*,#767,.T.);
#767 = EDGE_CURVE('',#758,#210,#768,.T.);
#768 = LINE('',#769,#770);
#769 = CARTESIAN_POINT('',(30.,-51.,8.));
#770 = VECTOR('',#771,1.);
#771 = DIRECTION('',(-0.,-0.,-1.));
#772 = ORIENTED_EDGE('',*,*,#209,.T.);
#773 = ORIENTED_EDGE('',*,*,#774,.F.);
#774 = EDGE_CURVE('',#775,#202,#777,.T.);
#775 = VERTEX_POINT('',#776);
#776 = CARTESIAN_POINT('',(30.,19.55,6.32));
#777 = LINE('',#778,#779);
#778 = CARTESIAN_POINT('',(30.,19.55,7.16));
#779 = VECTOR('',#780,1.);
#780 = DIRECTION('',(0.,0.,-1.));
#781 = ORIENTED_EDGE('',*,*,#782,.F.);
#782 = EDGE_CURVE('',#783,#775,#785,.T.);
#783 = VERTEX_POINT('',#784);
#784 = CARTESIAN_POINT('',(30.,20.55,7.32));
#785 = CIRCLE('',#786,1.);
#786 = AXIS2_PLACEMENT_3D('',#787,#788,#789);
#787 = CARTESIAN_POINT('',(30.,20.55,6.32));
#788 = DIRECTION('',(1.,0.,0.));
#789 = DIRECTION('',(0.,1.,0.));
#790 = ORIENTED_EDGE('',*,*,#791,.F.);
#791 = EDGE_CURVE('',#792,#783,#794,.T.);
#792 = VERTEX_POINT('',#793);
#793 = CARTESIAN_POINT('',(30.,30.55,7.32));
#794 = LINE('',#795,#796);
#795 = CARTESIAN_POINT('',(30.,-10.225,7.32));
#796 = VECTOR('',#797,1.);
#797 = DIRECTION('',(0.,-1.,0.));
#798 = ORIENTED_EDGE('',*,*,#799,.F.);
#799 = EDGE_CURVE('',#735,#792,#800,.T.);
#800 = CIRCLE('',#801,1.);
#801 = AXIS2_PLACEMENT_3D('',#802,#803,#804);
#802 = CARTESIAN_POINT('',(30.,30.55,6.32));
#803 = DIRECTION('',(1.,0.,0.));
#804 = DIRECTION('',(0.,1.,0.));
#805 = ORIENTED_EDGE('',*,*,#742,.F.);
#806 = ORIENTED_EDGE('',*,*,#277,.T.);
#807 = ORIENTED_EDGE('',*,*,#808,.F.);
#808 = EDGE_CURVE('',#760,#269,#809,.T.);
#809 = LINE('',#810,#811);
#810 = CARTESIAN_POINT('',(30.,51.,8.));
#811 = VECTOR('',#812,1.);
#812 = DIRECTION('',(-0.,-0.,-1.));
#813 = PLANE('',#814);
#814 = AXIS2_PLACEMENT_3D('',#815,#816,#817);
#815 = CARTESIAN_POINT('',(30.,-51.,8.));
#816 = DIRECTION('',(1.,0.,0.));
#817 = DIRECTION('',(0.,1.,0.));
#818 = ADVANCED_FACE('',(#819),#838,.T.);
#819 = FACE_BOUND('',#820,.T.);
#820 = EDGE_LOOP('',(#821,#822,#823,#831));
#821 = ORIENTED_EDGE('',*,*,#808,.T.);
#822 = ORIENTED_EDGE('',*,*,#268,.T.);
#823 = ORIENTED_EDGE('',*,*,#824,.F.);
#824 = EDGE_CURVE('',#825,#261,#827,.T.);
#825 = VERTEX_POINT('',#826);
#826 = CARTESIAN_POINT('',(29.,52.,8.));
#827 = LINE('',#828,#829);
#828 = CARTESIAN_POINT('',(29.,52.,8.));
#829 = VECTOR('',#830,1.);
#830 = DIRECTION('',(-0.,-0.,-1.));
#831 = ORIENTED_EDGE('',*,*,#832,.F.);
#832 = EDGE_CURVE('',#760,#825,#833,.T.);
#833 = CIRCLE('',#834,1.);
#834 = AXIS2_PLACEMENT_3D('',#835,#836,#837);
#835 = CARTESIAN_POINT('',(29.,51.,8.));
#836 = DIRECTION('',(0.,0.,1.));
#837 = DIRECTION('',(1.,0.,0.));
#838 = CYLINDRICAL_SURFACE('',#839,1.);
#839 = AXIS2_PLACEMENT_3D('',#840,#841,#842);
#840 = CARTESIAN_POINT('',(29.,51.,8.));
#841 = DIRECTION('',(0.,0.,1.));
#842 = DIRECTION('',(1.,0.,0.));
#843 = ADVANCED_FACE('',(#844),#862,.T.);
#844 = FACE_BOUND('',#845,.T.);
#845 = EDGE_LOOP('',(#846,#847,#848,#856));
#846 = ORIENTED_EDGE('',*,*,#824,.T.);
#847 = ORIENTED_EDGE('',*,*,#260,.T.);
#848 = ORIENTED_EDGE('',*,*,#849,.F.);
#849 = EDGE_CURVE('',#850,#252,#852,.T.);
#850 = VERTEX_POINT('',#851);
#851 = CARTESIAN_POINT('',(-29.,52.,8.));
#852 = LINE('',#853,#854);
#853 = CARTESIAN_POINT('',(-29.,52.,8.));
#854 = VECTOR('',#855,1.);
#855 = DIRECTION('',(-0.,-0.,-1.));
#856 = ORIENTED_EDGE('',*,*,#857,.F.);
#857 = EDGE_CURVE('',#825,#850,#858,.T.);
#858 = LINE('',#859,#860);
#859 = CARTESIAN_POINT('',(29.,52.,8.));
#860 = VECTOR('',#861,1.);
#861 = DIRECTION('',(-1.,0.,0.));
#862 = PLANE('',#863);
#863 = AXIS2_PLACEMENT_3D('',#864,#865,#866);
#864 = CARTESIAN_POINT('',(29.,52.,8.));
#865 = DIRECTION('',(0.,1.,0.));
#866 = DIRECTION('',(-1.,0.,0.));
#867 = ADVANCED_FACE('',(#868),#887,.T.);
#868 = FACE_BOUND('',#869,.T.);
#869 = EDGE_LOOP('',(#870,#871,#872,#880));
#870 = ORIENTED_EDGE('',*,*,#849,.T.);
#871 = ORIENTED_EDGE('',*,*,#251,.T.);
#872 = ORIENTED_EDGE('',*,*,#873,.F.);
#873 = EDGE_CURVE('',#874,#244,#876,.T.);
#874 = VERTEX_POINT('',#875);
#875 = CARTESIAN_POINT('',(-30.,51.,8.));
#876 = LINE('',#877,#878);
#877 = CARTESIAN_POINT('',(-30.,51.,8.));
#878 = VECTOR('',#879,1.);
#879 = DIRECTION('',(-0.,-0.,-1.));
#880 = ORIENTED_EDGE('',*,*,#881,.F.);
#881 = EDGE_CURVE('',#850,#874,#882,.T.);
#882 = CIRCLE('',#883,1.);
#883 = AXIS2_PLACEMENT_3D('',#884,#885,#886);
#884 = CARTESIAN_POINT('',(-29.,51.,8.));
#885 = DIRECTION('',(0.,0.,1.));
#886 = DIRECTION('',(1.,0.,0.));
#887 = CYLINDRICAL_SURFACE('',#888,1.);
#888 = AXIS2_PLACEMENT_3D('',#889,#890,#891);
#889 = CARTESIAN_POINT('',(-29.,51.,8.));
#890 = DIRECTION('',(0.,0.,1.));
#891 = DIRECTION('',(1.,0.,0.));
#892 = ADVANCED_FACE('',(#893),#911,.T.);
#893 = FACE_BOUND('',#894,.T.);
#894 = EDGE_LOOP('',(#895,#896,#897,#905));
#895 = ORIENTED_EDGE('',*,*,#873,.T.);
#896 = ORIENTED_EDGE('',*,*,#243,.T.);
#897 = ORIENTED_EDGE('',*,*,#898,.F.);
#898 = EDGE_CURVE('',#899,#235,#901,.T.);
#899 = VERTEX_POINT('',#900);
#900 = CARTESIAN_POINT('',(-30.,-51.,8.));
#901 = LINE('',#902,#903);
#902 = CARTESIAN_POINT('',(-30.,-51.,8.));
#903 = VECTOR('',#904,1.);
#904 = DIRECTION('',(-0.,-0.,-1.));
#905 = ORIENTED_EDGE('',*,*,#906,.F.);
#906 = EDGE_CURVE('',#874,#899,#907,.T.);
#907 = LINE('',#908,#909);
#908 = CARTESIAN_POINT('',(-30.,51.,8.));
#909 = VECTOR('',#910,1.);
#910 = DIRECTION('',(0.,-1.,0.));
#911 = PLANE('',#912);
#912 = AXIS2_PLACEMENT_3D('',#913,#914,#915);
#913 = CARTESIAN_POINT('',(-30.,51.,8.));
#914 = DIRECTION('',(-1.,0.,0.));
#915 = DIRECTION('',(0.,-1.,0.));
#916 = ADVANCED_FACE('',(#917),#936,.T.);
#917 = FACE_BOUND('',#918,.T.);
#918 = EDGE_LOOP('',(#919,#920,#921,#929));
#919 = ORIENTED_EDGE('',*,*,#898,.T.);
#920 = ORIENTED_EDGE('',*,*,#234,.T.);
#921 = ORIENTED_EDGE('',*,*,#922,.F.);
#922 = EDGE_CURVE('',#923,#227,#925,.T.);
#923 = VERTEX_POINT('',#924);
#924 = CARTESIAN_POINT('',(-29.,-52.,8.));
#925 = LINE('',#926,#927);
#926 = CARTESIAN_POINT('',(-29.,-52.,8.));
#927 = VECTOR('',#928,1.);
#928 = DIRECTION('',(-0.,-0.,-1.));
#929 = ORIENTED_EDGE('',*,*,#930,.F.);
#930 = EDGE_CURVE('',#899,#923,#931,.T.);
#931 = CIRCLE('',#932,1.);
#932 = AXIS2_PLACEMENT_3D('',#933,#934,#935);
#933 = CARTESIAN_POINT('',(-29.,-51.,8.));
#934 = DIRECTION('',(0.,0.,1.));
#935 = DIRECTION('',(1.,0.,0.));
#936 = CYLINDRICAL_SURFACE('',#937,1.);
#937 = AXIS2_PLACEMENT_3D('',#938,#939,#940);
#938 = CARTESIAN_POINT('',(-29.,-51.,8.));
#939 = DIRECTION('',(0.,0.,1.));
#940 = DIRECTION('',(1.,0.,0.));
#941 = ADVANCED_FACE('',(#942),#960,.T.);
#942 = FACE_BOUND('',#943,.T.);
#943 = EDGE_LOOP('',(#944,#945,#946,#954));
#944 = ORIENTED_EDGE('',*,*,#922,.T.);
#945 = ORIENTED_EDGE('',*,*,#226,.T.);
#946 = ORIENTED_EDGE('',*,*,#947,.F.);
#947 = EDGE_CURVE('',#948,#218,#950,.T.);
#948 = VERTEX_POINT('',#949);
#949 = CARTESIAN_POINT('',(29.,-52.,8.));
#950 = LINE('',#951,#952);
#951 = CARTESIAN_POINT('',(29.,-52.,8.));
#952 = VECTOR('',#953,1.);
#953 = DIRECTION('',(-0.,-0.,-1.));
#954 = ORIENTED_EDGE('',*,*,#955,.F.);
#955 = EDGE_CURVE('',#923,#948,#956,.T.);
#956 = LINE('',#957,#958);
#957 = CARTESIAN_POINT('',(-29.,-52.,8.));
#958 = VECTOR('',#959,1.);
#959 = DIRECTION('',(1.,0.,0.));
#960 = PLANE('',#961);
#961 = AXIS2_PLACEMENT_3D('',#962,#963,#964);
#962 = CARTESIAN_POINT('',(-29.,-52.,8.));
#963 = DIRECTION('',(0.,-1.,0.));
#964 = DIRECTION('',(1.,0.,0.));
#965 = ADVANCED_FACE('',(#966),#978,.T.);
#966 = FACE_BOUND('',#967,.T.);
#967 = EDGE_LOOP('',(#968,#969,#970,#971));
#968 = ORIENTED_EDGE('',*,*,#947,.T.);
#969 = ORIENTED_EDGE('',*,*,#217,.T.);
#970 = ORIENTED_EDGE('',*,*,#767,.F.);
#971 = ORIENTED_EDGE('',*,*,#972,.F.);
#972 = EDGE_CURVE('',#948,#758,#973,.T.);
#973 = CIRCLE('',#974,1.);
#974 = AXIS2_PLACEMENT_3D('',#975,#976,#977);
#975 = CARTESIAN_POINT('',(29.,-51.,8.));
#976 = DIRECTION('',(0.,0.,1.));
#977 = DIRECTION('',(1.,0.,0.));
#978 = CYLINDRICAL_SURFACE('',#979,1.);
#979 = AXIS2_PLACEMENT_3D('',#980,#981,#982);
#980 = CARTESIAN_POINT('',(29.,-51.,8.));
#981 = DIRECTION('',(0.,0.,1.));
#982 = DIRECTION('',(1.,0.,0.));
#983 = ADVANCED_FACE('',(#984),#1011,.F.);
#984 = FACE_BOUND('',#985,.F.);
#985 = EDGE_LOOP('',(#986,#987,#995,#1003,#1009,#1010));
#986 = ORIENTED_EDGE('',*,*,#774,.F.);
#987 = ORIENTED_EDGE('',*,*,#988,.T.);
#988 = EDGE_CURVE('',#775,#989,#991,.T.);
#989 = VERTEX_POINT('',#990);
#990 = CARTESIAN_POINT('',(21.,19.55,6.32));
#991 = LINE('',#992,#993);
#992 = CARTESIAN_POINT('',(32.,19.55,6.32));
#993 = VECTOR('',#994,1.);
#994 = DIRECTION('',(-1.,-0.,-0.));
#995 = ORIENTED_EDGE('',*,*,#996,.T.);
#996 = EDGE_CURVE('',#989,#997,#999,.T.);
#997 = VERTEX_POINT('',#998);
#998 = CARTESIAN_POINT('',(21.,19.55,2.32));
#999 = LINE('',#1000,#1001);
#1000 = CARTESIAN_POINT('',(21.,19.55,6.32));
#1001 = VECTOR('',#1002,1.);
#1002 = DIRECTION('',(0.,0.,-1.));
#1003 = ORIENTED_EDGE('',*,*,#1004,.F.);
#1004 = EDGE_CURVE('',#695,#997,#1005,.T.);
#1005 = LINE('',#1006,#1007);
#1006 = CARTESIAN_POINT('',(32.,19.55,2.32));
#1007 = VECTOR('',#1008,1.);
#1008 = DIRECTION('',(-1.,-0.,-0.));
#1009 = ORIENTED_EDGE('',*,*,#703,.F.);
#1010 = ORIENTED_EDGE('',*,*,#201,.F.);
#1011 = PLANE('',#1012);
#1012 = AXIS2_PLACEMENT_3D('',#1013,#1014,#1015);
#1013 = CARTESIAN_POINT('',(32.,19.55,6.32));
#1014 = DIRECTION('',(0.,-1.,0.));
#1015 = DIRECTION('',(0.,0.,-1.));
#1016 = ADVANCED_FACE('',(#1017),#1036,.T.);
#1017 = FACE_BOUND('',#1018,.F.);
#1018 = EDGE_LOOP('',(#1019,#1027,#1028,#1029));
#1019 = ORIENTED_EDGE('',*,*,#1020,.F.);
#1020 = EDGE_CURVE('',#177,#1021,#1023,.T.);
#1021 = VERTEX_POINT('',#1022);
#1022 = CARTESIAN_POINT('',(31.,-54.,-1.));
#1023 = LINE('',#1024,#1025);
#1024 = CARTESIAN_POINT('',(31.,-54.,8.));
#1025 = VECTOR('',#1026,1.);
#1026 = DIRECTION('',(-0.,-0.,-1.));
#1027 = ORIENTED_EDGE('',*,*,#184,.T.);
#1028 = ORIENTED_EDGE('',*,*,#653,.T.);
#1029 = ORIENTED_EDGE('',*,*,#1030,.F.);
#1030 = EDGE_CURVE('',#1021,#654,#1031,.T.);
#1031 = CIRCLE('',#1032,1.);
#1032 = AXIS2_PLACEMENT_3D('',#1033,#1034,#1035);
#1033 = CARTESIAN_POINT('',(31.,-53.,-1.));
#1034 = DIRECTION('',(2.8E-16,-0.,1.));
#1035 = DIRECTION('',(1.,0.,-2.8E-16));
#1036 = CYLINDRICAL_SURFACE('',#1037,1.);
#1037 = AXIS2_PLACEMENT_3D('',#1038,#1039,#1040);
#1038 = CARTESIAN_POINT('',(31.,-53.,8.));
#1039 = DIRECTION('',(-0.,-0.,-1.));
#1040 = DIRECTION('',(0.,-1.,0.));
#1041 = ADVANCED_FACE('',(#1042),#1053,.T.);
#1042 = FACE_BOUND('',#1043,.T.);
#1043 = EDGE_LOOP('',(#1044,#1045,#1046,#1052));
#1044 = ORIENTED_EDGE('',*,*,#176,.F.);
#1045 = ORIENTED_EDGE('',*,*,#351,.T.);
#1046 = ORIENTED_EDGE('',*,*,#1047,.T.);
#1047 = EDGE_CURVE('',#352,#1021,#1048,.T.);
#1048 = LINE('',#1049,#1050);
#1049 = CARTESIAN_POINT('',(-32.,-54.,-1.));
#1050 = VECTOR('',#1051,1.);
#1051 = DIRECTION('',(1.,0.,0.));
#1052 = ORIENTED_EDGE('',*,*,#1020,.F.);
#1053 = PLANE('',#1054);
#1054 = AXIS2_PLACEMENT_3D('',#1055,#1056,#1057);
#1055 = CARTESIAN_POINT('',(-32.,-54.,8.));
#1056 = DIRECTION('',(0.,-1.,0.));
#1057 = DIRECTION('',(1.,0.,0.));
#1058 = ADVANCED_FACE('',(#1059),#1070,.T.);
#1059 = FACE_BOUND('',#1060,.T.);
#1060 = EDGE_LOOP('',(#1061,#1062,#1063));
#1061 = ORIENTED_EDGE('',*,*,#374,.F.);
#1062 = ORIENTED_EDGE('',*,*,#334,.T.);
#1063 = ORIENTED_EDGE('',*,*,#1064,.F.);
#1064 = EDGE_CURVE('',#375,#327,#1065,.T.);
#1065 = CIRCLE('',#1066,1.);
#1066 = AXIS2_PLACEMENT_3D('',#1067,#1068,#1069);
#1067 = CARTESIAN_POINT('',(-31.,53.,-1.));
#1068 = DIRECTION('',(1.,-0.,0.));
#1069 = DIRECTION('',(0.,0.,-1.));
#1070 = SPHERICAL_SURFACE('',#1071,1.);
#1071 = AXIS2_PLACEMENT_3D('',#1072,#1073,#1074);
#1072 = CARTESIAN_POINT('',(-31.,53.,-1.));
#1073 = DIRECTION('',(1.,0.,0.));
#1074 = DIRECTION('',(0.,0.,-1.));
#1075 = ADVANCED_FACE('',(#1076),#1087,.T.);
#1076 = FACE_BOUND('',#1077,.T.);
#1077 = EDGE_LOOP('',(#1078,#1085,#1086));
#1078 = ORIENTED_EDGE('',*,*,#1079,.F.);
#1079 = EDGE_CURVE('',#352,#384,#1080,.T.);
#1080 = CIRCLE('',#1081,1.);
#1081 = AXIS2_PLACEMENT_3D('',#1082,#1083,#1084);
#1082 = CARTESIAN_POINT('',(-31.,-53.,-1.));
#1083 = DIRECTION('',(1.,-0.,0.));
#1084 = DIRECTION('',(0.,0.,-1.));
#1085 = ORIENTED_EDGE('',*,*,#359,.T.);
#1086 = ORIENTED_EDGE('',*,*,#391,.F.);
#1087 = SPHERICAL_SURFACE('',#1088,1.);
#1088 = AXIS2_PLACEMENT_3D('',#1089,#1090,#1091);
#1089 = CARTESIAN_POINT('',(-31.,-53.,-1.));
#1090 = DIRECTION('',(0.,1.,0.));
#1091 = DIRECTION('',(0.,0.,-1.));
#1092 = ADVANCED_FACE('',(#1093),#1118,.F.);
#1093 = FACE_BOUND('',#1094,.F.);
#1094 = EDGE_LOOP('',(#1095,#1105,#1111,#1112));
#1095 = ORIENTED_EDGE('',*,*,#1096,.T.);
#1096 = EDGE_CURVE('',#1097,#1099,#1101,.T.);
#1097 = VERTEX_POINT('',#1098);
#1098 = CARTESIAN_POINT('',(31.,-53.,-2.));
#1099 = VERTEX_POINT('',#1100);
#1100 = CARTESIAN_POINT('',(31.,53.,-2.));
#1101 = LINE('',#1102,#1103);
#1102 = CARTESIAN_POINT('',(31.,-54.,-2.));
#1103 = VECTOR('',#1104,1.);
#1104 = DIRECTION('',(0.,1.,0.));
#1105 = ORIENTED_EDGE('',*,*,#1106,.T.);
#1106 = EDGE_CURVE('',#1099,#375,#1107,.T.);
#1107 = LINE('',#1108,#1109);
#1108 = CARTESIAN_POINT('',(32.,53.,-2.));
#1109 = VECTOR('',#1110,1.);
#1110 = DIRECTION('',(-1.,0.,0.));
#1111 = ORIENTED_EDGE('',*,*,#383,.T.);
#1112 = ORIENTED_EDGE('',*,*,#1113,.T.);
#1113 = EDGE_CURVE('',#384,#1097,#1114,.T.);
#1114 = LINE('',#1115,#1116);
#1115 = CARTESIAN_POINT('',(-32.,-53.,-2.));
#1116 = VECTOR('',#1117,1.);
#1117 = DIRECTION('',(1.,0.,0.));
#1118 = PLANE('',#1119);
#1119 = AXIS2_PLACEMENT_3D('',#1120,#1121,#1122);
#1120 = CARTESIAN_POINT('',(0.,0.,-2.));
#1121 = DIRECTION('',(0.,0.,1.));
#1122 = DIRECTION('',(1.,0.,0.));
#1123 = ADVANCED_FACE('',(#1124,#1134),#1204,.F.);
#1124 = FACE_BOUND('',#1125,.F.);
#1125 = EDGE_LOOP('',(#1126,#1127,#1128,#1129,#1130,#1131,#1132,#1133));
#1126 = ORIENTED_EDGE('',*,*,#415,.F.);
#1127 = ORIENTED_EDGE('',*,*,#586,.F.);
#1128 = ORIENTED_EDGE('',*,*,#562,.F.);
#1129 = ORIENTED_EDGE('',*,*,#537,.F.);
#1130 = ORIENTED_EDGE('',*,*,#513,.F.);
#1131 = ORIENTED_EDGE('',*,*,#488,.F.);
#1132 = ORIENTED_EDGE('',*,*,#464,.F.);
#1133 = ORIENTED_EDGE('',*,*,#439,.F.);
#1134 = FACE_BOUND('',#1135,.F.);
#1135 = EDGE_LOOP('',(#1136,#1147,#1155,#1164,#1172,#1181,#1189,#1198));
#1136 = ORIENTED_EDGE('',*,*,#1137,.T.);
#1137 = EDGE_CURVE('',#1138,#1140,#1142,.T.);
#1138 = VERTEX_POINT('',#1139);
#1139 = CARTESIAN_POINT('',(-29.,40.4,1.4));
#1140 = VERTEX_POINT('',#1141);
#1141 = CARTESIAN_POINT('',(-29.,40.1,1.1));
#1142 = CIRCLE('',#1143,0.3);
#1143 = AXIS2_PLACEMENT_3D('',#1144,#1145,#1146);
#1144 = CARTESIAN_POINT('',(-29.,40.1,1.4));
#1145 = DIRECTION('',(-1.,0.,0.));
#1146 = DIRECTION('',(0.,-1.,0.));
#1147 = ORIENTED_EDGE('',*,*,#1148,.T.);
#1148 = EDGE_CURVE('',#1140,#1149,#1151,.T.);
#1149 = VERTEX_POINT('',#1150);
#1150 = CARTESIAN_POINT('',(-29.,37.3,1.1));
#1151 = LINE('',#1152,#1153);
#1152 = CARTESIAN_POINT('',(-29.,40.1,1.1));
#1153 = VECTOR('',#1154,1.);
#1154 = DIRECTION('',(0.,-1.,0.));
#1155 = ORIENTED_EDGE('',*,*,#1156,.T.);
#1156 = EDGE_CURVE('',#1149,#1157,#1159,.T.);
#1157 = VERTEX_POINT('',#1158);
#1158 = CARTESIAN_POINT('',(-29.,37.,1.4));
#1159 = CIRCLE('',#1160,0.3);
#1160 = AXIS2_PLACEMENT_3D('',#1161,#1162,#1163);
#1161 = CARTESIAN_POINT('',(-29.,37.3,1.4));
#1162 = DIRECTION('',(-1.,0.,0.));
#1163 = DIRECTION('',(0.,-1.,0.));
#1164 = ORIENTED_EDGE('',*,*,#1165,.T.);
#1165 = EDGE_CURVE('',#1157,#1166,#1168,.T.);
#1166 = VERTEX_POINT('',#1167);
#1167 = CARTESIAN_POINT('',(-29.,37.,2.6));
#1168 = LINE('',#1169,#1170);
#1169 = CARTESIAN_POINT('',(-29.,37.,1.4));
#1170 = VECTOR('',#1171,1.);
#1171 = DIRECTION('',(0.,0.,1.));
#1172 = ORIENTED_EDGE('',*,*,#1173,.T.);
#1173 = EDGE_CURVE('',#1166,#1174,#1176,.T.);
#1174 = VERTEX_POINT('',#1175);
#1175 = CARTESIAN_POINT('',(-29.,37.3,2.9));
#1176 = CIRCLE('',#1177,0.3);
#1177 = AXIS2_PLACEMENT_3D('',#1178,#1179,#1180);
#1178 = CARTESIAN_POINT('',(-29.,37.3,2.6));
#1179 = DIRECTION('',(-1.,0.,0.));
#1180 = DIRECTION('',(0.,-1.,0.));
#1181 = ORIENTED_EDGE('',*,*,#1182,.T.);
#1182 = EDGE_CURVE('',#1174,#1183,#1185,.T.);
#1183 = VERTEX_POINT('',#1184);
#1184 = CARTESIAN_POINT('',(-29.,40.1,2.9));
#1185 = LINE('',#1186,#1187);
#1186 = CARTESIAN_POINT('',(-29.,37.3,2.9));
#1187 = VECTOR('',#1188,1.);
#1188 = DIRECTION('',(0.,1.,0.));
#1189 = ORIENTED_EDGE('',*,*,#1190,.T.);
#1190 = EDGE_CURVE('',#1183,#1191,#1193,.T.);
#1191 = VERTEX_POINT('',#1192);
#1192 = CARTESIAN_POINT('',(-29.,40.4,2.6));
#1193 = CIRCLE('',#1194,0.3);
#1194 = AXIS2_PLACEMENT_3D('',#1195,#1196,#1197);
#1195 = CARTESIAN_POINT('',(-29.,40.1,2.6));
#1196 = DIRECTION('',(-1.,0.,0.));
#1197 = DIRECTION('',(0.,-1.,0.));
#1198 = ORIENTED_EDGE('',*,*,#1199,.T.);
#1199 = EDGE_CURVE('',#1191,#1138,#1200,.T.);
#1200 = LINE('',#1201,#1202);
#1201 = CARTESIAN_POINT('',(-29.,40.4,2.6));
#1202 = VECTOR('',#1203,1.);
#1203 = DIRECTION('',(0.,0.,-1.));
#1204 = PLANE('',#1205);
#1205 = AXIS2_PLACEMENT_3D('',#1206,#1207,#1208);
#1206 = CARTESIAN_POINT('',(-29.,38.7,2.));
#1207 = DIRECTION('',(1.,0.,0.));
#1208 = DIRECTION('',(0.,0.,1.));
#1209 = ADVANCED_FACE('',(#1210),#1222,.T.);
#1210 = FACE_BOUND('',#1211,.T.);
#1211 = EDGE_LOOP('',(#1212,#1219,#1220,#1221));
#1212 = ORIENTED_EDGE('',*,*,#1213,.T.);
#1213 = EDGE_CURVE('',#605,#1099,#1214,.T.);
#1214 = CIRCLE('',#1215,1.);
#1215 = AXIS2_PLACEMENT_3D('',#1216,#1217,#1218);
#1216 = CARTESIAN_POINT('',(31.,53.,-1.));
#1217 = DIRECTION('',(-1.,0.,0.));
#1218 = DIRECTION('',(0.,0.,-1.));
#1219 = ORIENTED_EDGE('',*,*,#1106,.T.);
#1220 = ORIENTED_EDGE('',*,*,#1064,.T.);
#1221 = ORIENTED_EDGE('',*,*,#612,.F.);
#1222 = CYLINDRICAL_SURFACE('',#1223,1.);
#1223 = AXIS2_PLACEMENT_3D('',#1224,#1225,#1226);
#1224 = CARTESIAN_POINT('',(32.,53.,-1.));
#1225 = DIRECTION('',(-1.,0.,0.));
#1226 = DIRECTION('',(0.,1.,0.));
#1227 = ADVANCED_FACE('',(#1228),#1239,.T.);
#1228 = FACE_BOUND('',#1229,.T.);
#1229 = EDGE_LOOP('',(#1230,#1231,#1232));
#1230 = ORIENTED_EDGE('',*,*,#1213,.F.);
#1231 = ORIENTED_EDGE('',*,*,#637,.T.);
#1232 = ORIENTED_EDGE('',*,*,#1233,.F.);
#1233 = EDGE_CURVE('',#1099,#630,#1234,.T.);
#1234 = CIRCLE('',#1235,1.);
#1235 = AXIS2_PLACEMENT_3D('',#1236,#1237,#1238);
#1236 = CARTESIAN_POINT('',(31.,53.,-1.));
#1237 = DIRECTION('',(0.,-1.,0.));
#1238 = DIRECTION('',(0.,0.,-1.));
#1239 = SPHERICAL_SURFACE('',#1240,1.);
#1240 = AXIS2_PLACEMENT_3D('',#1241,#1242,#1243);
#1241 = CARTESIAN_POINT('',(31.,53.,-1.));
#1242 = DIRECTION('',(0.,-1.,0.));
#1243 = DIRECTION('',(0.,0.,-1.));
#1244 = ADVANCED_FACE('',(#1245),#1264,.F.);
#1245 = FACE_BOUND('',#1246,.F.);
#1246 = EDGE_LOOP('',(#1247,#1248,#1257,#1263));
#1247 = ORIENTED_EDGE('',*,*,#1004,.T.);
#1248 = ORIENTED_EDGE('',*,*,#1249,.T.);
#1249 = EDGE_CURVE('',#997,#1250,#1252,.T.);
#1250 = VERTEX_POINT('',#1251);
#1251 = CARTESIAN_POINT('',(21.,20.55,1.32));
#1252 = CIRCLE('',#1253,1.);
#1253 = AXIS2_PLACEMENT_3D('',#1254,#1255,#1256);
#1254 = CARTESIAN_POINT('',(21.,20.55,2.32));
#1255 = DIRECTION('',(1.,0.,0.));
#1256 = DIRECTION('',(0.,1.,0.));
#1257 = ORIENTED_EDGE('',*,*,#1258,.F.);
#1258 = EDGE_CURVE('',#687,#1250,#1259,.T.);
#1259 = LINE('',#1260,#1261);
#1260 = CARTESIAN_POINT('',(32.,20.55,1.32));
#1261 = VECTOR('',#1262,1.);
#1262 = DIRECTION('',(-1.,-0.,-0.));
#1263 = ORIENTED_EDGE('',*,*,#694,.F.);
#1264 = CYLINDRICAL_SURFACE('',#1265,1.);
#1265 = AXIS2_PLACEMENT_3D('',#1266,#1267,#1268);
#1266 = CARTESIAN_POINT('',(32.,20.55,2.32));
#1267 = DIRECTION('',(1.,0.,0.));
#1268 = DIRECTION('',(0.,1.,0.));
#1269 = ADVANCED_FACE('',(#1270),#1288,.F.);
#1270 = FACE_BOUND('',#1271,.F.);
#1271 = EDGE_LOOP('',(#1272,#1273,#1281,#1287));
#1272 = ORIENTED_EDGE('',*,*,#1258,.T.);
#1273 = ORIENTED_EDGE('',*,*,#1274,.T.);
#1274 = EDGE_CURVE('',#1250,#1275,#1277,.T.);
#1275 = VERTEX_POINT('',#1276);
#1276 = CARTESIAN_POINT('',(21.,30.55,1.32));
#1277 = LINE('',#1278,#1279);
#1278 = CARTESIAN_POINT('',(21.,20.55,1.32));
#1279 = VECTOR('',#1280,1.);
#1280 = DIRECTION('',(0.,1.,0.));
#1281 = ORIENTED_EDGE('',*,*,#1282,.F.);
#1282 = EDGE_CURVE('',#678,#1275,#1283,.T.);
#1283 = LINE('',#1284,#1285);
#1284 = CARTESIAN_POINT('',(32.,30.55,1.32));
#1285 = VECTOR('',#1286,1.);
#1286 = DIRECTION('',(-1.,-0.,-0.));
#1287 = ORIENTED_EDGE('',*,*,#686,.F.);
#1288 = PLANE('',#1289);
#1289 = AXIS2_PLACEMENT_3D('',#1290,#1291,#1292);
#1290 = CARTESIAN_POINT('',(32.,20.55,1.32));
#1291 = DIRECTION('',(0.,0.,-1.));
#1292 = DIRECTION('',(0.,1.,0.));
#1293 = ADVANCED_FACE('',(#1294),#1306,.F.);
#1294 = FACE_BOUND('',#1295,.F.);
#1295 = EDGE_LOOP('',(#1296,#1297,#1304,#1305));
#1296 = ORIENTED_EDGE('',*,*,#1282,.T.);
#1297 = ORIENTED_EDGE('',*,*,#1298,.T.);
#1298 = EDGE_CURVE('',#1275,#719,#1299,.T.);
#1299 = CIRCLE('',#1300,1.);
#1300 = AXIS2_PLACEMENT_3D('',#1301,#1302,#1303);
#1301 = CARTESIAN_POINT('',(21.,30.55,2.32));
#1302 = DIRECTION('',(1.,0.,0.));
#1303 = DIRECTION('',(0.,1.,0.));
#1304 = ORIENTED_EDGE('',*,*,#718,.F.);
#1305 = ORIENTED_EDGE('',*,*,#677,.F.);
#1306 = CYLINDRICAL_SURFACE('',#1307,1.);
#1307 = AXIS2_PLACEMENT_3D('',#1308,#1309,#1310);
#1308 = CARTESIAN_POINT('',(32.,30.55,2.32));
#1309 = DIRECTION('',(1.,0.,0.));
#1310 = DIRECTION('',(0.,1.,0.));
#1311 = ADVANCED_FACE('',(#1312),#1324,.T.);
#1312 = FACE_BOUND('',#1313,.F.);
#1313 = EDGE_LOOP('',(#1314,#1315,#1322,#1323));
#1314 = ORIENTED_EDGE('',*,*,#1096,.F.);
#1315 = ORIENTED_EDGE('',*,*,#1316,.T.);
#1316 = EDGE_CURVE('',#1097,#654,#1317,.T.);
#1317 = CIRCLE('',#1318,1.);
#1318 = AXIS2_PLACEMENT_3D('',#1319,#1320,#1321);
#1319 = CARTESIAN_POINT('',(31.,-53.,-1.));
#1320 = DIRECTION('',(0.,-1.,0.));
#1321 = DIRECTION('',(0.,0.,-1.));
#1322 = ORIENTED_EDGE('',*,*,#661,.T.);
#1323 = ORIENTED_EDGE('',*,*,#1233,.F.);
#1324 = CYLINDRICAL_SURFACE('',#1325,1.);
#1325 = AXIS2_PLACEMENT_3D('',#1326,#1327,#1328);
#1326 = CARTESIAN_POINT('',(31.,-54.,-1.));
#1327 = DIRECTION('',(0.,1.,0.));
#1328 = DIRECTION('',(0.,0.,-1.));
#1329 = ADVANCED_FACE('',(#1330),#1349,.F.);
#1330 = FACE_BOUND('',#1331,.F.);
#1331 = EDGE_LOOP('',(#1332,#1333,#1334,#1343));
#1332 = ORIENTED_EDGE('',*,*,#799,.F.);
#1333 = ORIENTED_EDGE('',*,*,#734,.T.);
#1334 = ORIENTED_EDGE('',*,*,#1335,.T.);
#1335 = EDGE_CURVE('',#727,#1336,#1338,.T.);
#1336 = VERTEX_POINT('',#1337);
#1337 = CARTESIAN_POINT('',(21.,30.55,7.32));
#1338 = CIRCLE('',#1339,1.);
#1339 = AXIS2_PLACEMENT_3D('',#1340,#1341,#1342);
#1340 = CARTESIAN_POINT('',(21.,30.55,6.32));
#1341 = DIRECTION('',(1.,0.,0.));
#1342 = DIRECTION('',(0.,1.,0.));
#1343 = ORIENTED_EDGE('',*,*,#1344,.F.);
#1344 = EDGE_CURVE('',#792,#1336,#1345,.T.);
#1345 = LINE('',#1346,#1347);
#1346 = CARTESIAN_POINT('',(32.,30.55,7.32));
#1347 = VECTOR('',#1348,1.);
#1348 = DIRECTION('',(-1.,-0.,-0.));
#1349 = CYLINDRICAL_SURFACE('',#1350,1.);
#1350 = AXIS2_PLACEMENT_3D('',#1351,#1352,#1353);
#1351 = CARTESIAN_POINT('',(32.,30.55,6.32));
#1352 = DIRECTION('',(1.,0.,0.));
#1353 = DIRECTION('',(0.,1.,0.));
#1354 = ADVANCED_FACE('',(#1355,#1378),#1448,.T.);
#1355 = FACE_BOUND('',#1356,.T.);
#1356 = EDGE_LOOP('',(#1357,#1358,#1359,#1360,#1361,#1369,#1376,#1377));
#1357 = ORIENTED_EDGE('',*,*,#1274,.T.);
#1358 = ORIENTED_EDGE('',*,*,#1298,.T.);
#1359 = ORIENTED_EDGE('',*,*,#726,.T.);
#1360 = ORIENTED_EDGE('',*,*,#1335,.T.);
#1361 = ORIENTED_EDGE('',*,*,#1362,.T.);
#1362 = EDGE_CURVE('',#1336,#1363,#1365,.T.);
#1363 = VERTEX_POINT('',#1364);
#1364 = CARTESIAN_POINT('',(21.,20.55,7.32));
#1365 = LINE('',#1366,#1367);
#1366 = CARTESIAN_POINT('',(21.,30.55,7.32));
#1367 = VECTOR('',#1368,1.);
#1368 = DIRECTION('',(0.,-1.,0.));
#1369 = ORIENTED_EDGE('',*,*,#1370,.T.);
#1370 = EDGE_CURVE('',#1363,#989,#1371,.T.);
#1371 = CIRCLE('',#1372,1.);
#1372 = AXIS2_PLACEMENT_3D('',#1373,#1374,#1375);
#1373 = CARTESIAN_POINT('',(21.,20.55,6.32));
#1374 = DIRECTION('',(1.,0.,0.));
#1375 = DIRECTION('',(0.,1.,0.));
#1376 = ORIENTED_EDGE('',*,*,#996,.T.);
#1377 = ORIENTED_EDGE('',*,*,#1249,.T.);
#1378 = FACE_BOUND('',#1379,.T.);
#1379 = EDGE_LOOP('',(#1380,#1390,#1399,#1407,#1416,#1424,#1433,#1441));
#1380 = ORIENTED_EDGE('',*,*,#1381,.F.);
#1381 = EDGE_CURVE('',#1382,#1384,#1386,.T.);
#1382 = VERTEX_POINT('',#1383);
#1383 = CARTESIAN_POINT('',(21.,22.36,2.74));
#1384 = VERTEX_POINT('',#1385);
#1385 = CARTESIAN_POINT('',(21.,28.740000000007,2.74));
#1386 = LINE('',#1387,#1388);
#1387 = CARTESIAN_POINT('',(21.,22.36,2.74));
#1388 = VECTOR('',#1389,1.);
#1389 = DIRECTION('',(0.,1.,0.));
#1390 = ORIENTED_EDGE('',*,*,#1391,.F.);
#1391 = EDGE_CURVE('',#1392,#1382,#1394,.T.);
#1392 = VERTEX_POINT('',#1393);
#1393 = CARTESIAN_POINT('',(21.,21.08,4.02));
#1394 = CIRCLE('',#1395,1.28);
#1395 = AXIS2_PLACEMENT_3D('',#1396,#1397,#1398);
#1396 = CARTESIAN_POINT('',(21.,22.36,4.02));
#1397 = DIRECTION('',(1.,0.,0.));
#1398 = DIRECTION('',(0.,1.,0.));
#1399 = ORIENTED_EDGE('',*,*,#1400,.F.);
#1400 = EDGE_CURVE('',#1401,#1392,#1403,.T.);
#1401 = VERTEX_POINT('',#1402);
#1402 = CARTESIAN_POINT('',(21.,21.08,4.62));
#1403 = LINE('',#1404,#1405);
#1404 = CARTESIAN_POINT('',(21.,21.08,4.62));
#1405 = VECTOR('',#1406,1.);
#1406 = DIRECTION('',(0.,0.,-1.));
#1407 = ORIENTED_EDGE('',*,*,#1408,.F.);
#1408 = EDGE_CURVE('',#1409,#1401,#1411,.T.);
#1409 = VERTEX_POINT('',#1410);
#1410 = CARTESIAN_POINT('',(21.,22.36,5.9));
#1411 = CIRCLE('',#1412,1.28);
#1412 = AXIS2_PLACEMENT_3D('',#1413,#1414,#1415);
#1413 = CARTESIAN_POINT('',(21.,22.36,4.62));
#1414 = DIRECTION('',(1.,0.,0.));
#1415 = DIRECTION('',(0.,1.,0.));
#1416 = ORIENTED_EDGE('',*,*,#1417,.F.);
#1417 = EDGE_CURVE('',#1418,#1409,#1420,.T.);
#1418 = VERTEX_POINT('',#1419);
#1419 = CARTESIAN_POINT('',(21.,28.74,5.9));
#1420 = LINE('',#1421,#1422);
#1421 = CARTESIAN_POINT('',(21.,28.74,5.9));
#1422 = VECTOR('',#1423,1.);
#1423 = DIRECTION('',(0.,-1.,0.));
#1424 = ORIENTED_EDGE('',*,*,#1425,.F.);
#1425 = EDGE_CURVE('',#1426,#1418,#1428,.T.);
#1426 = VERTEX_POINT('',#1427);
#1427 = CARTESIAN_POINT('',(21.,30.02,4.62));
#1428 = CIRCLE('',#1429,1.28);
#1429 = AXIS2_PLACEMENT_3D('',#1430,#1431,#1432);
#1430 = CARTESIAN_POINT('',(21.,28.74,4.62));
#1431 = DIRECTION('',(1.,0.,0.));
#1432 = DIRECTION('',(0.,1.,0.));
#1433 = ORIENTED_EDGE('',*,*,#1434,.F.);
#1434 = EDGE_CURVE('',#1435,#1426,#1437,.T.);
#1435 = VERTEX_POINT('',#1436);
#1436 = CARTESIAN_POINT('',(21.,30.020000000007,4.02));
#1437 = LINE('',#1438,#1439);
#1438 = CARTESIAN_POINT('',(21.,30.020000000007,4.02));
#1439 = VECTOR('',#1440,1.);
#1440 = DIRECTION('',(0.,-1.191343E-11,1.));
#1441 = ORIENTED_EDGE('',*,*,#1442,.F.);
#1442 = EDGE_CURVE('',#1384,#1435,#1443,.T.);
#1443 = CIRCLE('',#1444,1.28);
#1444 = AXIS2_PLACEMENT_3D('',#1445,#1446,#1447);
#1445 = CARTESIAN_POINT('',(21.,28.740000000007,4.02));
#1446 = DIRECTION('',(1.,0.,0.));
#1447 = DIRECTION('',(0.,1.,0.));
#1448 = PLANE('',#1449);
#1449 = AXIS2_PLACEMENT_3D('',#1450,#1451,#1452);
#1450 = CARTESIAN_POINT('',(21.,25.55,4.32));
#1451 = DIRECTION('',(1.,0.,0.));
#1452 = DIRECTION('',(0.,0.,1.));
#1453 = ADVANCED_FACE('',(#1454,#1464),#1530,.T.);
#1454 = FACE_BOUND('',#1455,.T.);
#1455 = EDGE_LOOP('',(#1456,#1457,#1458,#1459,#1460,#1461,#1462,#1463));
#1456 = ORIENTED_EDGE('',*,*,#881,.T.);
#1457 = ORIENTED_EDGE('',*,*,#906,.T.);
#1458 = ORIENTED_EDGE('',*,*,#930,.T.);
#1459 = ORIENTED_EDGE('',*,*,#955,.T.);
#1460 = ORIENTED_EDGE('',*,*,#972,.T.);
#1461 = ORIENTED_EDGE('',*,*,#757,.T.);
#1462 = ORIENTED_EDGE('',*,*,#832,.T.);
#1463 = ORIENTED_EDGE('',*,*,#857,.T.);
#1464 = FACE_BOUND('',#1465,.T.);
#1465 = EDGE_LOOP('',(#1466,#1476,#1484,#1492,#1500,#1508,#1516,#1524));
#1466 = ORIENTED_EDGE('',*,*,#1467,.T.);
#1467 = EDGE_CURVE('',#1468,#1470,#1472,.T.);
#1468 = VERTEX_POINT('',#1469);
#1469 = CARTESIAN_POINT('',(20.2,50.,8.));
#1470 = VERTEX_POINT('',#1471);
#1471 = CARTESIAN_POINT('',(20.2,-5.7,8.));
#1472 = LINE('',#1473,#1474);
#1473 = CARTESIAN_POINT('',(20.2,-2.85,8.));
#1474 = VECTOR('',#1475,1.);
#1475 = DIRECTION('',(0.,-1.,0.));
#1476 = ORIENTED_EDGE('',*,*,#1477,.T.);
#1477 = EDGE_CURVE('',#1470,#1478,#1480,.T.);
#1478 = VERTEX_POINT('',#1479);
#1479 = CARTESIAN_POINT('',(-20.4,-5.7,8.));
#1480 = LINE('',#1481,#1482);
#1481 = CARTESIAN_POINT('',(-10.2,-5.7,8.));
#1482 = VECTOR('',#1483,1.);
#1483 = DIRECTION('',(-1.,0.,0.));
#1484 = ORIENTED_EDGE('',*,*,#1485,.T.);
#1485 = EDGE_CURVE('',#1478,#1486,#1488,.T.);
#1486 = VERTEX_POINT('',#1487);
#1487 = CARTESIAN_POINT('',(-20.4,34.99,8.));
#1488 = LINE('',#1489,#1490);
#1489 = CARTESIAN_POINT('',(-20.4,25.,8.));
#1490 = VECTOR('',#1491,1.);
#1491 = DIRECTION('',(0.,1.,0.));
#1492 = ORIENTED_EDGE('',*,*,#1493,.F.);
#1493 = EDGE_CURVE('',#1494,#1486,#1496,.T.);
#1494 = VERTEX_POINT('',#1495);
#1495 = CARTESIAN_POINT('',(-22.9,34.99,8.));
#1496 = LINE('',#1497,#1498);
#1497 = CARTESIAN_POINT('',(-22.9,34.99,8.));
#1498 = VECTOR('',#1499,1.);
#1499 = DIRECTION('',(1.,0.,0.));
#1500 = ORIENTED_EDGE('',*,*,#1501,.F.);
#1501 = EDGE_CURVE('',#1502,#1494,#1504,.T.);
#1502 = VERTEX_POINT('',#1503);
#1503 = CARTESIAN_POINT('',(-22.9,42.49,8.));
#1504 = LINE('',#1505,#1506);
#1505 = CARTESIAN_POINT('',(-22.9,42.49,8.));
#1506 = VECTOR('',#1507,1.);
#1507 = DIRECTION('',(0.,-1.,0.));
#1508 = ORIENTED_EDGE('',*,*,#1509,.F.);
#1509 = EDGE_CURVE('',#1510,#1502,#1512,.T.);
#1510 = VERTEX_POINT('',#1511);
#1511 = CARTESIAN_POINT('',(-20.4,42.49,8.));
#1512 = LINE('',#1513,#1514);
#1513 = CARTESIAN_POINT('',(-20.4,42.49,8.));
#1514 = VECTOR('',#1515,1.);
#1515 = DIRECTION('',(-1.,0.,0.));
#1516 = ORIENTED_EDGE('',*,*,#1517,.T.);
#1517 = EDGE_CURVE('',#1510,#1518,#1520,.T.);
#1518 = VERTEX_POINT('',#1519);
#1519 = CARTESIAN_POINT('',(-20.4,50.,8.));
#1520 = LINE('',#1521,#1522);
#1521 = CARTESIAN_POINT('',(-20.4,25.,8.));
#1522 = VECTOR('',#1523,1.);
#1523 = DIRECTION('',(0.,1.,0.));
#1524 = ORIENTED_EDGE('',*,*,#1525,.T.);
#1525 = EDGE_CURVE('',#1518,#1468,#1526,.T.);
#1526 = LINE('',#1527,#1528);
#1527 = CARTESIAN_POINT('',(10.1,50.,8.));
#1528 = VECTOR('',#1529,1.);
#1529 = DIRECTION('',(1.,0.,0.));
#1530 = PLANE('',#1531);
#1531 = AXIS2_PLACEMENT_3D('',#1532,#1533,#1534);
#1532 = CARTESIAN_POINT('',(0.,0.,8.));
#1533 = DIRECTION('',(0.,0.,1.));
#1534 = DIRECTION('',(1.,0.,0.));
#1535 = ADVANCED_FACE('',(#1536),#1547,.F.);
#1536 = FACE_BOUND('',#1537,.F.);
#1537 = EDGE_LOOP('',(#1538,#1539,#1540,#1541));
#1538 = ORIENTED_EDGE('',*,*,#791,.F.);
#1539 = ORIENTED_EDGE('',*,*,#1344,.T.);
#1540 = ORIENTED_EDGE('',*,*,#1362,.T.);
#1541 = ORIENTED_EDGE('',*,*,#1542,.F.);
#1542 = EDGE_CURVE('',#783,#1363,#1543,.T.);
#1543 = LINE('',#1544,#1545);
#1544 = CARTESIAN_POINT('',(32.,20.55,7.32));
#1545 = VECTOR('',#1546,1.);
#1546 = DIRECTION('',(-1.,-0.,-0.));
#1547 = PLANE('',#1548);
#1548 = AXIS2_PLACEMENT_3D('',#1549,#1550,#1551);
#1549 = CARTESIAN_POINT('',(32.,30.55,7.32));
#1550 = DIRECTION('',(0.,0.,1.));
#1551 = DIRECTION('',(0.,-1.,0.));
#1552 = ADVANCED_FACE('',(#1553),#1559,.F.);
#1553 = FACE_BOUND('',#1554,.F.);
#1554 = EDGE_LOOP('',(#1555,#1556,#1557,#1558));
#1555 = ORIENTED_EDGE('',*,*,#782,.F.);
#1556 = ORIENTED_EDGE('',*,*,#1542,.T.);
#1557 = ORIENTED_EDGE('',*,*,#1370,.T.);
#1558 = ORIENTED_EDGE('',*,*,#988,.F.);
#1559 = CYLINDRICAL_SURFACE('',#1560,1.);
#1560 = AXIS2_PLACEMENT_3D('',#1561,#1562,#1563);
#1561 = CARTESIAN_POINT('',(32.,20.55,6.32));
#1562 = DIRECTION('',(1.,0.,0.));
#1563 = DIRECTION('',(0.,1.,0.));
#1564 = ADVANCED_FACE('',(#1565),#1576,.T.);
#1565 = FACE_BOUND('',#1566,.F.);
#1566 = EDGE_LOOP('',(#1567,#1574,#1575));
#1567 = ORIENTED_EDGE('',*,*,#1568,.F.);
#1568 = EDGE_CURVE('',#1021,#1097,#1569,.T.);
#1569 = CIRCLE('',#1570,1.);
#1570 = AXIS2_PLACEMENT_3D('',#1571,#1572,#1573);
#1571 = CARTESIAN_POINT('',(31.,-53.,-1.));
#1572 = DIRECTION('',(1.,-0.,0.));
#1573 = DIRECTION('',(0.,0.,-1.));
#1574 = ORIENTED_EDGE('',*,*,#1030,.T.);
#1575 = ORIENTED_EDGE('',*,*,#1316,.F.);
#1576 = SPHERICAL_SURFACE('',#1577,1.);
#1577 = AXIS2_PLACEMENT_3D('',#1578,#1579,#1580);
#1578 = CARTESIAN_POINT('',(31.,-53.,-1.));
#1579 = DIRECTION('',(0.,1.,0.));
#1580 = DIRECTION('',(0.,0.,-1.));
#1581 = ADVANCED_FACE('',(#1582),#1588,.T.);
#1582 = FACE_BOUND('',#1583,.T.);
#1583 = EDGE_LOOP('',(#1584,#1585,#1586,#1587));
#1584 = ORIENTED_EDGE('',*,*,#1079,.T.);
#1585 = ORIENTED_EDGE('',*,*,#1113,.T.);
#1586 = ORIENTED_EDGE('',*,*,#1568,.F.);
#1587 = ORIENTED_EDGE('',*,*,#1047,.F.);
#1588 = CYLINDRICAL_SURFACE('',#1589,1.);
#1589 = AXIS2_PLACEMENT_3D('',#1590,#1591,#1592);
#1590 = CARTESIAN_POINT('',(-32.,-53.,-1.));
#1591 = DIRECTION('',(1.,0.,0.));
#1592 = DIRECTION('',(0.,-1.,0.));
#1593 = ADVANCED_FACE('',(#1594),#1620,.F.);
#1594 = FACE_BOUND('',#1595,.F.);
#1595 = EDGE_LOOP('',(#1596,#1597,#1605,#1614));
#1596 = ORIENTED_EDGE('',*,*,#1137,.F.);
#1597 = ORIENTED_EDGE('',*,*,#1598,.T.);
#1598 = EDGE_CURVE('',#1138,#1599,#1601,.T.);
#1599 = VERTEX_POINT('',#1600);
#1600 = CARTESIAN_POINT('',(-22.9,40.4,1.4));
#1601 = LINE('',#1602,#1603);
#1602 = CARTESIAN_POINT('',(-29.,40.4,1.4));
#1603 = VECTOR('',#1604,1.);
#1604 = DIRECTION('',(1.,0.,0.));
#1605 = ORIENTED_EDGE('',*,*,#1606,.T.);
#1606 = EDGE_CURVE('',#1599,#1607,#1609,.T.);
#1607 = VERTEX_POINT('',#1608);
#1608 = CARTESIAN_POINT('',(-22.9,40.1,1.1));
#1609 = CIRCLE('',#1610,0.3);
#1610 = AXIS2_PLACEMENT_3D('',#1611,#1612,#1613);
#1611 = CARTESIAN_POINT('',(-22.9,40.1,1.4));
#1612 = DIRECTION('',(-1.,0.,0.));
#1613 = DIRECTION('',(0.,-1.,0.));
#1614 = ORIENTED_EDGE('',*,*,#1615,.F.);
#1615 = EDGE_CURVE('',#1140,#1607,#1616,.T.);
#1616 = LINE('',#1617,#1618);
#1617 = CARTESIAN_POINT('',(-29.,40.1,1.1));
#1618 = VECTOR('',#1619,1.);
#1619 = DIRECTION('',(1.,0.,0.));
#1620 = CYLINDRICAL_SURFACE('',#1621,0.3);
#1621 = AXIS2_PLACEMENT_3D('',#1622,#1623,#1624);
#1622 = CARTESIAN_POINT('',(-29.,40.1,1.4));
#1623 = DIRECTION('',(-1.,0.,0.));
#1624 = DIRECTION('',(0.,-1.,0.));
#1625 = ADVANCED_FACE('',(#1626),#1644,.F.);
#1626 = FACE_BOUND('',#1627,.F.);
#1627 = EDGE_LOOP('',(#1628,#1629,#1637,#1643));
#1628 = ORIENTED_EDGE('',*,*,#1199,.F.);
#1629 = ORIENTED_EDGE('',*,*,#1630,.T.);
#1630 = EDGE_CURVE('',#1191,#1631,#1633,.T.);
#1631 = VERTEX_POINT('',#1632);
#1632 = CARTESIAN_POINT('',(-22.9,40.4,2.6));
#1633 = LINE('',#1634,#1635);
#1634 = CARTESIAN_POINT('',(-29.,40.4,2.6));
#1635 = VECTOR('',#1636,1.);
#1636 = DIRECTION('',(1.,0.,0.));
#1637 = ORIENTED_EDGE('',*,*,#1638,.F.);
#1638 = EDGE_CURVE('',#1599,#1631,#1639,.T.);
#1639 = LINE('',#1640,#1641);
#1640 = CARTESIAN_POINT('',(-22.9,40.4,5.3));
#1641 = VECTOR('',#1642,1.);
#1642 = DIRECTION('',(0.,0.,1.));
#1643 = ORIENTED_EDGE('',*,*,#1598,.F.);
#1644 = PLANE('',#1645);
#1645 = AXIS2_PLACEMENT_3D('',#1646,#1647,#1648);
#1646 = CARTESIAN_POINT('',(-29.,40.4,2.6));
#1647 = DIRECTION('',(0.,1.,0.));
#1648 = DIRECTION('',(0.,0.,-1.));
#1649 = ADVANCED_FACE('',(#1650),#1669,.F.);
#1650 = FACE_BOUND('',#1651,.F.);
#1651 = EDGE_LOOP('',(#1652,#1653,#1661,#1668));
#1652 = ORIENTED_EDGE('',*,*,#1190,.F.);
#1653 = ORIENTED_EDGE('',*,*,#1654,.T.);
#1654 = EDGE_CURVE('',#1183,#1655,#1657,.T.);
#1655 = VERTEX_POINT('',#1656);
#1656 = CARTESIAN_POINT('',(-22.9,40.1,2.9));
#1657 = LINE('',#1658,#1659);
#1658 = CARTESIAN_POINT('',(-29.,40.1,2.9));
#1659 = VECTOR('',#1660,1.);
#1660 = DIRECTION('',(1.,0.,0.));
#1661 = ORIENTED_EDGE('',*,*,#1662,.T.);
#1662 = EDGE_CURVE('',#1655,#1631,#1663,.T.);
#1663 = CIRCLE('',#1664,0.3);
#1664 = AXIS2_PLACEMENT_3D('',#1665,#1666,#1667);
#1665 = CARTESIAN_POINT('',(-22.9,40.1,2.6));
#1666 = DIRECTION('',(-1.,0.,0.));
#1667 = DIRECTION('',(0.,-1.,0.));
#1668 = ORIENTED_EDGE('',*,*,#1630,.F.);
#1669 = CYLINDRICAL_SURFACE('',#1670,0.3);
#1670 = AXIS2_PLACEMENT_3D('',#1671,#1672,#1673);
#1671 = CARTESIAN_POINT('',(-29.,40.1,2.6));
#1672 = DIRECTION('',(-1.,0.,0.));
#1673 = DIRECTION('',(0.,-1.,0.));
#1674 = ADVANCED_FACE('',(#1675),#1693,.F.);
#1675 = FACE_BOUND('',#1676,.F.);
#1676 = EDGE_LOOP('',(#1677,#1678,#1686,#1692));
#1677 = ORIENTED_EDGE('',*,*,#1182,.F.);
#1678 = ORIENTED_EDGE('',*,*,#1679,.T.);
#1679 = EDGE_CURVE('',#1174,#1680,#1682,.T.);
#1680 = VERTEX_POINT('',#1681);
#1681 = CARTESIAN_POINT('',(-22.9,37.3,2.9));
#1682 = LINE('',#1683,#1684);
#1683 = CARTESIAN_POINT('',(-29.,37.3,2.9));
#1684 = VECTOR('',#1685,1.);
#1685 = DIRECTION('',(1.,0.,0.));
#1686 = ORIENTED_EDGE('',*,*,#1687,.F.);
#1687 = EDGE_CURVE('',#1655,#1680,#1688,.T.);
#1688 = LINE('',#1689,#1690);
#1689 = CARTESIAN_POINT('',(-22.9,39.895,2.9));
#1690 = VECTOR('',#1691,1.);
#1691 = DIRECTION('',(0.,-1.,0.));
#1692 = ORIENTED_EDGE('',*,*,#1654,.F.);
#1693 = PLANE('',#1694);
#1694 = AXIS2_PLACEMENT_3D('',#1695,#1696,#1697);
#1695 = CARTESIAN_POINT('',(-29.,37.3,2.9));
#1696 = DIRECTION('',(0.,0.,1.));
#1697 = DIRECTION('',(0.,1.,0.));
#1698 = ADVANCED_FACE('',(#1699),#1718,.F.);
#1699 = FACE_BOUND('',#1700,.F.);
#1700 = EDGE_LOOP('',(#1701,#1702,#1710,#1717));
#1701 = ORIENTED_EDGE('',*,*,#1173,.F.);
#1702 = ORIENTED_EDGE('',*,*,#1703,.T.);
#1703 = EDGE_CURVE('',#1166,#1704,#1706,.T.);
#1704 = VERTEX_POINT('',#1705);
#1705 = CARTESIAN_POINT('',(-22.9,37.,2.6));
#1706 = LINE('',#1707,#1708);
#1707 = CARTESIAN_POINT('',(-29.,37.,2.6));
#1708 = VECTOR('',#1709,1.);
#1709 = DIRECTION('',(1.,0.,0.));
#1710 = ORIENTED_EDGE('',*,*,#1711,.T.);
#1711 = EDGE_CURVE('',#1704,#1680,#1712,.T.);
#1712 = CIRCLE('',#1713,0.3);
#1713 = AXIS2_PLACEMENT_3D('',#1714,#1715,#1716);
#1714 = CARTESIAN_POINT('',(-22.9,37.3,2.6));
#1715 = DIRECTION('',(-1.,0.,0.));
#1716 = DIRECTION('',(0.,-1.,0.));
#1717 = ORIENTED_EDGE('',*,*,#1679,.F.);
#1718 = CYLINDRICAL_SURFACE('',#1719,0.3);
#1719 = AXIS2_PLACEMENT_3D('',#1720,#1721,#1722);
#1720 = CARTESIAN_POINT('',(-29.,37.3,2.6));
#1721 = DIRECTION('',(-1.,0.,0.));
#1722 = DIRECTION('',(0.,-1.,0.));
#1723 = ADVANCED_FACE('',(#1724),#1742,.F.);
#1724 = FACE_BOUND('',#1725,.F.);
#1725 = EDGE_LOOP('',(#1726,#1727,#1735,#1741));
#1726 = ORIENTED_EDGE('',*,*,#1165,.F.);
#1727 = ORIENTED_EDGE('',*,*,#1728,.T.);
#1728 = EDGE_CURVE('',#1157,#1729,#1731,.T.);
#1729 = VERTEX_POINT('',#1730);
#1730 = CARTESIAN_POINT('',(-22.9,37.,1.4));
#1731 = LINE('',#1732,#1733);
#1732 = CARTESIAN_POINT('',(-29.,37.,1.4));
#1733 = VECTOR('',#1734,1.);
#1734 = DIRECTION('',(1.,0.,0.));
#1735 = ORIENTED_EDGE('',*,*,#1736,.F.);
#1736 = EDGE_CURVE('',#1704,#1729,#1737,.T.);
#1737 = LINE('',#1738,#1739);
#1738 = CARTESIAN_POINT('',(-22.9,37.,4.7));
#1739 = VECTOR('',#1740,1.);
#1740 = DIRECTION('',(-0.,-0.,-1.));
#1741 = ORIENTED_EDGE('',*,*,#1703,.F.);
#1742 = PLANE('',#1743);
#1743 = AXIS2_PLACEMENT_3D('',#1744,#1745,#1746);
#1744 = CARTESIAN_POINT('',(-29.,37.,1.4));
#1745 = DIRECTION('',(0.,-1.,0.));
#1746 = DIRECTION('',(0.,0.,1.));
#1747 = ADVANCED_FACE('',(#1748),#1767,.F.);
#1748 = FACE_BOUND('',#1749,.F.);
#1749 = EDGE_LOOP('',(#1750,#1751,#1759,#1766));
#1750 = ORIENTED_EDGE('',*,*,#1156,.F.);
#1751 = ORIENTED_EDGE('',*,*,#1752,.T.);
#1752 = EDGE_CURVE('',#1149,#1753,#1755,.T.);
#1753 = VERTEX_POINT('',#1754);
#1754 = CARTESIAN_POINT('',(-22.9,37.3,1.1));
#1755 = LINE('',#1756,#1757);
#1756 = CARTESIAN_POINT('',(-29.,37.3,1.1));
#1757 = VECTOR('',#1758,1.);
#1758 = DIRECTION('',(1.,0.,0.));
#1759 = ORIENTED_EDGE('',*,*,#1760,.T.);
#1760 = EDGE_CURVE('',#1753,#1729,#1761,.T.);
#1761 = CIRCLE('',#1762,0.3);
#1762 = AXIS2_PLACEMENT_3D('',#1763,#1764,#1765);
#1763 = CARTESIAN_POINT('',(-22.9,37.3,1.4));
#1764 = DIRECTION('',(-1.,0.,0.));
#1765 = DIRECTION('',(0.,-1.,0.));
#1766 = ORIENTED_EDGE('',*,*,#1728,.F.);
#1767 = CYLINDRICAL_SURFACE('',#1768,0.3);
#1768 = AXIS2_PLACEMENT_3D('',#1769,#1770,#1771);
#1769 = CARTESIAN_POINT('',(-29.,37.3,1.4));
#1770 = DIRECTION('',(-1.,0.,0.));
#1771 = DIRECTION('',(0.,-1.,0.));
#1772 = ADVANCED_FACE('',(#1773),#1784,.F.);
#1773 = FACE_BOUND('',#1774,.F.);
#1774 = EDGE_LOOP('',(#1775,#1776,#1777,#1783));
#1775 = ORIENTED_EDGE('',*,*,#1148,.F.);
#1776 = ORIENTED_EDGE('',*,*,#1615,.T.);
#1777 = ORIENTED_EDGE('',*,*,#1778,.F.);
#1778 = EDGE_CURVE('',#1753,#1607,#1779,.T.);
#1779 = LINE('',#1780,#1781);
#1780 = CARTESIAN_POINT('',(-22.9,41.295,1.1));
#1781 = VECTOR('',#1782,1.);
#1782 = DIRECTION('',(0.,1.,0.));
#1783 = ORIENTED_EDGE('',*,*,#1752,.F.);
#1784 = PLANE('',#1785);
#1785 = AXIS2_PLACEMENT_3D('',#1786,#1787,#1788);
#1786 = CARTESIAN_POINT('',(-29.,40.1,1.1));
#1787 = DIRECTION('',(0.,0.,-1.));
#1788 = DIRECTION('',(0.,-1.,0.));
#1789 = ADVANCED_FACE('',(#1790),#1815,.F.);
#1790 = FACE_BOUND('',#1791,.F.);
#1791 = EDGE_LOOP('',(#1792,#1793,#1801,#1809));
#1792 = ORIENTED_EDGE('',*,*,#1381,.F.);
#1793 = ORIENTED_EDGE('',*,*,#1794,.T.);
#1794 = EDGE_CURVE('',#1382,#1795,#1797,.T.);
#1795 = VERTEX_POINT('',#1796);
#1796 = CARTESIAN_POINT('',(20.2,22.36,2.74));
#1797 = LINE('',#1798,#1799);
#1798 = CARTESIAN_POINT('',(21.,22.36,2.74));
#1799 = VECTOR('',#1800,1.);
#1800 = DIRECTION('',(-1.,-0.,-0.));
#1801 = ORIENTED_EDGE('',*,*,#1802,.T.);
#1802 = EDGE_CURVE('',#1795,#1803,#1805,.T.);
#1803 = VERTEX_POINT('',#1804);
#1804 = CARTESIAN_POINT('',(20.2,28.740000000007,2.74));
#1805 = LINE('',#1806,#1807);
#1806 = CARTESIAN_POINT('',(20.2,22.255,2.74));
#1807 = VECTOR('',#1808,1.);
#1808 = DIRECTION('',(0.,1.,0.));
#1809 = ORIENTED_EDGE('',*,*,#1810,.F.);
#1810 = EDGE_CURVE('',#1384,#1803,#1811,.T.);
#1811 = LINE('',#1812,#1813);
#1812 = CARTESIAN_POINT('',(21.,28.740000000007,2.74));
#1813 = VECTOR('',#1814,1.);
#1814 = DIRECTION('',(-1.,-0.,-0.));
#1815 = PLANE('',#1816);
#1816 = AXIS2_PLACEMENT_3D('',#1817,#1818,#1819);
#1817 = CARTESIAN_POINT('',(21.,22.36,2.74));
#1818 = DIRECTION('',(0.,0.,-1.));
#1819 = DIRECTION('',(0.,1.,0.));
#1820 = ADVANCED_FACE('',(#1821),#1840,.F.);
#1821 = FACE_BOUND('',#1822,.F.);
#1822 = EDGE_LOOP('',(#1823,#1824,#1825,#1834));
#1823 = ORIENTED_EDGE('',*,*,#1442,.F.);
#1824 = ORIENTED_EDGE('',*,*,#1810,.T.);
#1825 = ORIENTED_EDGE('',*,*,#1826,.T.);
#1826 = EDGE_CURVE('',#1803,#1827,#1829,.T.);
#1827 = VERTEX_POINT('',#1828);
#1828 = CARTESIAN_POINT('',(20.2,30.020000000007,4.02));
#1829 = CIRCLE('',#1830,1.28);
#1830 = AXIS2_PLACEMENT_3D('',#1831,#1832,#1833);
#1831 = CARTESIAN_POINT('',(20.2,28.740000000007,4.02));
#1832 = DIRECTION('',(1.,0.,0.));
#1833 = DIRECTION('',(-0.,1.,0.));
#1834 = ORIENTED_EDGE('',*,*,#1835,.F.);
#1835 = EDGE_CURVE('',#1435,#1827,#1836,.T.);
#1836 = LINE('',#1837,#1838);
#1837 = CARTESIAN_POINT('',(21.,30.020000000007,4.02));
#1838 = VECTOR('',#1839,1.);
#1839 = DIRECTION('',(-1.,-0.,-0.));
#1840 = CYLINDRICAL_SURFACE('',#1841,1.28);
#1841 = AXIS2_PLACEMENT_3D('',#1842,#1843,#1844);
#1842 = CARTESIAN_POINT('',(21.,28.740000000007,4.02));
#1843 = DIRECTION('',(1.,0.,0.));
#1844 = DIRECTION('',(-0.,1.,0.));
#1845 = ADVANCED_FACE('',(#1846),#1864,.F.);
#1846 = FACE_BOUND('',#1847,.F.);
#1847 = EDGE_LOOP('',(#1848,#1849,#1850,#1858));
#1848 = ORIENTED_EDGE('',*,*,#1434,.F.);
#1849 = ORIENTED_EDGE('',*,*,#1835,.T.);
#1850 = ORIENTED_EDGE('',*,*,#1851,.T.);
#1851 = EDGE_CURVE('',#1827,#1852,#1854,.T.);
#1852 = VERTEX_POINT('',#1853);
#1853 = CARTESIAN_POINT('',(20.2,30.02,4.62));
#1854 = LINE('',#1855,#1856);
#1855 = CARTESIAN_POINT('',(20.2,30.020000000009,3.885000000047));
#1856 = VECTOR('',#1857,1.);
#1857 = DIRECTION('',(0.,-1.191343E-11,1.));
#1858 = ORIENTED_EDGE('',*,*,#1859,.F.);
#1859 = EDGE_CURVE('',#1426,#1852,#1860,.T.);
#1860 = LINE('',#1861,#1862);
#1861 = CARTESIAN_POINT('',(21.,30.02,4.62));
#1862 = VECTOR('',#1863,1.);
#1863 = DIRECTION('',(-1.,-0.,-0.));
#1864 = PLANE('',#1865);
#1865 = AXIS2_PLACEMENT_3D('',#1866,#1867,#1868);
#1866 = CARTESIAN_POINT('',(21.,30.020000000007,4.02));
#1867 = DIRECTION('',(0.,1.,1.191343E-11));
#1868 = DIRECTION('',(0.,-1.191343E-11,1.));
#1869 = ADVANCED_FACE('',(#1870),#1889,.F.);
#1870 = FACE_BOUND('',#1871,.F.);
#1871 = EDGE_LOOP('',(#1872,#1873,#1874,#1883));
#1872 = ORIENTED_EDGE('',*,*,#1425,.F.);
#1873 = ORIENTED_EDGE('',*,*,#1859,.T.);
#1874 = ORIENTED_EDGE('',*,*,#1875,.T.);
#1875 = EDGE_CURVE('',#1852,#1876,#1878,.T.);
#1876 = VERTEX_POINT('',#1877);
#1877 = CARTESIAN_POINT('',(20.2,28.74,5.9));
#1878 = CIRCLE('',#1879,1.28);
#1879 = AXIS2_PLACEMENT_3D('',#1880,#1881,#1882);
#1880 = CARTESIAN_POINT('',(20.2,28.74,4.62));
#1881 = DIRECTION('',(1.,0.,0.));
#1882 = DIRECTION('',(-0.,1.,0.));
#1883 = ORIENTED_EDGE('',*,*,#1884,.F.);
#1884 = EDGE_CURVE('',#1418,#1876,#1885,.T.);
#1885 = LINE('',#1886,#1887);
#1886 = CARTESIAN_POINT('',(21.,28.74,5.9));
#1887 = VECTOR('',#1888,1.);
#1888 = DIRECTION('',(-1.,-0.,-0.));
#1889 = CYLINDRICAL_SURFACE('',#1890,1.28);
#1890 = AXIS2_PLACEMENT_3D('',#1891,#1892,#1893);
#1891 = CARTESIAN_POINT('',(21.,28.74,4.62));
#1892 = DIRECTION('',(1.,0.,0.));
#1893 = DIRECTION('',(-0.,1.,0.));
#1894 = ADVANCED_FACE('',(#1895),#1913,.F.);
#1895 = FACE_BOUND('',#1896,.F.);
#1896 = EDGE_LOOP('',(#1897,#1898,#1899,#1907));
#1897 = ORIENTED_EDGE('',*,*,#1417,.F.);
#1898 = ORIENTED_EDGE('',*,*,#1884,.T.);
#1899 = ORIENTED_EDGE('',*,*,#1900,.T.);
#1900 = EDGE_CURVE('',#1876,#1901,#1903,.T.);
#1901 = VERTEX_POINT('',#1902);
#1902 = CARTESIAN_POINT('',(20.2,22.36,5.9));
#1903 = LINE('',#1904,#1905);
#1904 = CARTESIAN_POINT('',(20.2,25.445,5.9));
#1905 = VECTOR('',#1906,1.);
#1906 = DIRECTION('',(0.,-1.,0.));
#1907 = ORIENTED_EDGE('',*,*,#1908,.F.);
#1908 = EDGE_CURVE('',#1409,#1901,#1909,.T.);
#1909 = LINE('',#1910,#1911);
#1910 = CARTESIAN_POINT('',(21.,22.36,5.9));
#1911 = VECTOR('',#1912,1.);
#1912 = DIRECTION('',(-1.,-0.,-0.));
#1913 = PLANE('',#1914);
#1914 = AXIS2_PLACEMENT_3D('',#1915,#1916,#1917);
#1915 = CARTESIAN_POINT('',(21.,28.74,5.9));
#1916 = DIRECTION('',(0.,0.,1.));
#1917 = DIRECTION('',(0.,-1.,0.));
#1918 = ADVANCED_FACE('',(#1919),#1938,.F.);
#1919 = FACE_BOUND('',#1920,.F.);
#1920 = EDGE_LOOP('',(#1921,#1922,#1923,#1932));
#1921 = ORIENTED_EDGE('',*,*,#1408,.F.);
#1922 = ORIENTED_EDGE('',*,*,#1908,.T.);
#1923 = ORIENTED_EDGE('',*,*,#1924,.T.);
#1924 = EDGE_CURVE('',#1901,#1925,#1927,.T.);
#1925 = VERTEX_POINT('',#1926);
#1926 = CARTESIAN_POINT('',(20.2,21.08,4.62));
#1927 = CIRCLE('',#1928,1.28);
#1928 = AXIS2_PLACEMENT_3D('',#1929,#1930,#1931);
#1929 = CARTESIAN_POINT('',(20.2,22.36,4.62));
#1930 = DIRECTION('',(1.,0.,0.));
#1931 = DIRECTION('',(-0.,1.,0.));
#1932 = ORIENTED_EDGE('',*,*,#1933,.F.);
#1933 = EDGE_CURVE('',#1401,#1925,#1934,.T.);
#1934 = LINE('',#1935,#1936);
#1935 = CARTESIAN_POINT('',(21.,21.08,4.62));
#1936 = VECTOR('',#1937,1.);
#1937 = DIRECTION('',(-1.,-0.,-0.));
#1938 = CYLINDRICAL_SURFACE('',#1939,1.28);
#1939 = AXIS2_PLACEMENT_3D('',#1940,#1941,#1942);
#1940 = CARTESIAN_POINT('',(21.,22.36,4.62));
#1941 = DIRECTION('',(1.,0.,0.));
#1942 = DIRECTION('',(-0.,1.,0.));
#1943 = ADVANCED_FACE('',(#1944),#1962,.F.);
#1944 = FACE_BOUND('',#1945,.F.);
#1945 = EDGE_LOOP('',(#1946,#1947,#1948,#1956));
#1946 = ORIENTED_EDGE('',*,*,#1400,.F.);
#1947 = ORIENTED_EDGE('',*,*,#1933,.T.);
#1948 = ORIENTED_EDGE('',*,*,#1949,.T.);
#1949 = EDGE_CURVE('',#1925,#1950,#1952,.T.);
#1950 = VERTEX_POINT('',#1951);
#1951 = CARTESIAN_POINT('',(20.2,21.08,4.02));
#1952 = LINE('',#1953,#1954);
#1953 = CARTESIAN_POINT('',(20.2,21.08,4.185));
#1954 = VECTOR('',#1955,1.);
#1955 = DIRECTION('',(0.,0.,-1.));
#1956 = ORIENTED_EDGE('',*,*,#1957,.F.);
#1957 = EDGE_CURVE('',#1392,#1950,#1958,.T.);
#1958 = LINE('',#1959,#1960);
#1959 = CARTESIAN_POINT('',(21.,21.08,4.02));
#1960 = VECTOR('',#1961,1.);
#1961 = DIRECTION('',(-1.,-0.,-0.));
#1962 = PLANE('',#1963);
#1963 = AXIS2_PLACEMENT_3D('',#1964,#1965,#1966);
#1964 = CARTESIAN_POINT('',(21.,21.08,4.62));
#1965 = DIRECTION('',(0.,-1.,0.));
#1966 = DIRECTION('',(0.,0.,-1.));
#1967 = ADVANCED_FACE('',(#1968),#1980,.F.);
#1968 = FACE_BOUND('',#1969,.F.);
#1969 = EDGE_LOOP('',(#1970,#1971,#1972,#1979));
#1970 = ORIENTED_EDGE('',*,*,#1391,.F.);
#1971 = ORIENTED_EDGE('',*,*,#1957,.T.);
#1972 = ORIENTED_EDGE('',*,*,#1973,.T.);
#1973 = EDGE_CURVE('',#1950,#1795,#1974,.T.);
#1974 = CIRCLE('',#1975,1.28);
#1975 = AXIS2_PLACEMENT_3D('',#1976,#1977,#1978);
#1976 = CARTESIAN_POINT('',(20.2,22.36,4.02));
#1977 = DIRECTION('',(1.,0.,0.));
#1978 = DIRECTION('',(-0.,1.,0.));
#1979 = ORIENTED_EDGE('',*,*,#1794,.F.);
#1980 = CYLINDRICAL_SURFACE('',#1981,1.28);
#1981 = AXIS2_PLACEMENT_3D('',#1982,#1983,#1984);
#1982 = CARTESIAN_POINT('',(21.,22.36,4.02));
#1983 = DIRECTION('',(1.,0.,0.));
#1984 = DIRECTION('',(-0.,1.,0.));
#1985 = ADVANCED_FACE('',(#1986,#2011),#2021,.T.);
#1986 = FACE_BOUND('',#1987,.T.);
#1987 = EDGE_LOOP('',(#1988,#1998,#2004,#2005));
#1988 = ORIENTED_EDGE('',*,*,#1989,.F.);
#1989 = EDGE_CURVE('',#1990,#1992,#1994,.T.);
#1990 = VERTEX_POINT('',#1991);
#1991 = CARTESIAN_POINT('',(20.2,-5.7,-0.5));
#1992 = VERTEX_POINT('',#1993);
#1993 = CARTESIAN_POINT('',(20.2,50.,-0.5));
#1994 = LINE('',#1995,#1996);
#1995 = CARTESIAN_POINT('',(20.2,-5.7,-0.5));
#1996 = VECTOR('',#1997,1.);
#1997 = DIRECTION('',(0.,1.,0.));
#1998 = ORIENTED_EDGE('',*,*,#1999,.T.);
#1999 = EDGE_CURVE('',#1990,#1470,#2000,.T.);
#2000 = LINE('',#2001,#2002);
#2001 = CARTESIAN_POINT('',(20.2,-5.7,-0.5));
#2002 = VECTOR('',#2003,1.);
#2003 = DIRECTION('',(0.,0.,1.));
#2004 = ORIENTED_EDGE('',*,*,#1467,.F.);
#2005 = ORIENTED_EDGE('',*,*,#2006,.F.);
#2006 = EDGE_CURVE('',#1992,#1468,#2007,.T.);
#2007 = LINE('',#2008,#2009);
#2008 = CARTESIAN_POINT('',(20.2,50.,-0.5));
#2009 = VECTOR('',#2010,1.);
#2010 = DIRECTION('',(0.,0.,1.));
#2011 = FACE_BOUND('',#2012,.T.);
#2012 = EDGE_LOOP('',(#2013,#2014,#2015,#2016,#2017,#2018,#2019,#2020));
#2013 = ORIENTED_EDGE('',*,*,#1973,.T.);
#2014 = ORIENTED_EDGE('',*,*,#1802,.T.);
#2015 = ORIENTED_EDGE('',*,*,#1826,.T.);
#2016 = ORIENTED_EDGE('',*,*,#1851,.T.);
#2017 = ORIENTED_EDGE('',*,*,#1875,.T.);
#2018 = ORIENTED_EDGE('',*,*,#1900,.T.);
#2019 = ORIENTED_EDGE('',*,*,#1924,.T.);
#2020 = ORIENTED_EDGE('',*,*,#1949,.T.);
#2021 = PLANE('',#2022);
#2022 = AXIS2_PLACEMENT_3D('',#2023,#2024,#2025);
#2023 = CARTESIAN_POINT('',(20.2,22.15,3.75));
#2024 = DIRECTION('',(-1.,-0.,-0.));
#2025 = DIRECTION('',(0.,0.,-1.));
#2026 = ADVANCED_FACE('',(#2027),#2045,.T.);
#2027 = FACE_BOUND('',#2028,.T.);
#2028 = EDGE_LOOP('',(#2029,#2037,#2038,#2039));
#2029 = ORIENTED_EDGE('',*,*,#2030,.F.);
#2030 = EDGE_CURVE('',#1992,#2031,#2033,.T.);
#2031 = VERTEX_POINT('',#2032);
#2032 = CARTESIAN_POINT('',(-20.4,50.,-0.5));
#2033 = LINE('',#2034,#2035);
#2034 = CARTESIAN_POINT('',(20.2,50.,-0.5));
#2035 = VECTOR('',#2036,1.);
#2036 = DIRECTION('',(-1.,0.,0.));
#2037 = ORIENTED_EDGE('',*,*,#2006,.T.);
#2038 = ORIENTED_EDGE('',*,*,#1525,.F.);
#2039 = ORIENTED_EDGE('',*,*,#2040,.F.);
#2040 = EDGE_CURVE('',#2031,#1518,#2041,.T.);
#2041 = LINE('',#2042,#2043);
#2042 = CARTESIAN_POINT('',(-20.4,50.,-0.5));
#2043 = VECTOR('',#2044,1.);
#2044 = DIRECTION('',(0.,0.,1.));
#2045 = PLANE('',#2046);
#2046 = AXIS2_PLACEMENT_3D('',#2047,#2048,#2049);
#2047 = CARTESIAN_POINT('',(20.2,50.,-0.5));
#2048 = DIRECTION('',(0.,-1.,0.));
#2049 = DIRECTION('',(-1.,0.,0.));
#2050 = ADVANCED_FACE('',(#2051),#2069,.T.);
#2051 = FACE_BOUND('',#2052,.T.);
#2052 = EDGE_LOOP('',(#2053,#2061,#2062,#2063));
#2053 = ORIENTED_EDGE('',*,*,#2054,.F.);
#2054 = EDGE_CURVE('',#2031,#2055,#2057,.T.);
#2055 = VERTEX_POINT('',#2056);
#2056 = CARTESIAN_POINT('',(-20.4,42.49,-0.5));
#2057 = LINE('',#2058,#2059);
#2058 = CARTESIAN_POINT('',(-20.4,50.,-0.5));
#2059 = VECTOR('',#2060,1.);
#2060 = DIRECTION('',(0.,-1.,0.));
#2061 = ORIENTED_EDGE('',*,*,#2040,.T.);
#2062 = ORIENTED_EDGE('',*,*,#1517,.F.);
#2063 = ORIENTED_EDGE('',*,*,#2064,.T.);
#2064 = EDGE_CURVE('',#1510,#2055,#2065,.T.);
#2065 = LINE('',#2066,#2067);
#2066 = CARTESIAN_POINT('',(-20.4,42.49,8.));
#2067 = VECTOR('',#2068,1.);
#2068 = DIRECTION('',(-0.,-0.,-1.));
#2069 = PLANE('',#2070);
#2070 = AXIS2_PLACEMENT_3D('',#2071,#2072,#2073);
#2071 = CARTESIAN_POINT('',(-20.4,50.,-0.5));
#2072 = DIRECTION('',(1.,0.,0.));
#2073 = DIRECTION('',(0.,-1.,0.));
#2074 = ADVANCED_FACE('',(#2075),#2093,.F.);
#2075 = FACE_BOUND('',#2076,.F.);
#2076 = EDGE_LOOP('',(#2077,#2078,#2079,#2087));
#2077 = ORIENTED_EDGE('',*,*,#1509,.F.);
#2078 = ORIENTED_EDGE('',*,*,#2064,.T.);
#2079 = ORIENTED_EDGE('',*,*,#2080,.F.);
#2080 = EDGE_CURVE('',#2081,#2055,#2083,.T.);
#2081 = VERTEX_POINT('',#2082);
#2082 = CARTESIAN_POINT('',(-22.9,42.49,-0.5));
#2083 = LINE('',#2084,#2085);
#2084 = CARTESIAN_POINT('',(-10.25,42.49,-0.5));
#2085 = VECTOR('',#2086,1.);
#2086 = DIRECTION('',(1.,0.,0.));
#2087 = ORIENTED_EDGE('',*,*,#2088,.F.);
#2088 = EDGE_CURVE('',#1502,#2081,#2089,.T.);
#2089 = LINE('',#2090,#2091);
#2090 = CARTESIAN_POINT('',(-22.9,42.49,8.));
#2091 = VECTOR('',#2092,1.);
#2092 = DIRECTION('',(-0.,-0.,-1.));
#2093 = PLANE('',#2094);
#2094 = AXIS2_PLACEMENT_3D('',#2095,#2096,#2097);
#2095 = CARTESIAN_POINT('',(-20.4,42.49,8.));
#2096 = DIRECTION('',(0.,1.,0.));
#2097 = DIRECTION('',(-1.,0.,0.));
#2098 = ADVANCED_FACE('',(#2099,#2117),#2127,.F.);
#2099 = FACE_BOUND('',#2100,.F.);
#2100 = EDGE_LOOP('',(#2101,#2102,#2103,#2111));
#2101 = ORIENTED_EDGE('',*,*,#1501,.F.);
#2102 = ORIENTED_EDGE('',*,*,#2088,.T.);
#2103 = ORIENTED_EDGE('',*,*,#2104,.F.);
#2104 = EDGE_CURVE('',#2105,#2081,#2107,.T.);
#2105 = VERTEX_POINT('',#2106);
#2106 = CARTESIAN_POINT('',(-22.9,34.99,-0.5));
#2107 = LINE('',#2108,#2109);
#2108 = CARTESIAN_POINT('',(-22.9,32.32,-0.5));
#2109 = VECTOR('',#2110,1.);
#2110 = DIRECTION('',(0.,1.,0.));
#2111 = ORIENTED_EDGE('',*,*,#2112,.F.);
#2112 = EDGE_CURVE('',#1494,#2105,#2113,.T.);
#2113 = LINE('',#2114,#2115);
#2114 = CARTESIAN_POINT('',(-22.9,34.99,8.));
#2115 = VECTOR('',#2116,1.);
#2116 = DIRECTION('',(-0.,-0.,-1.));
#2117 = FACE_BOUND('',#2118,.F.);
#2118 = EDGE_LOOP('',(#2119,#2120,#2121,#2122,#2123,#2124,#2125,#2126));
#2119 = ORIENTED_EDGE('',*,*,#1606,.F.);
#2120 = ORIENTED_EDGE('',*,*,#1638,.T.);
#2121 = ORIENTED_EDGE('',*,*,#1662,.F.);
#2122 = ORIENTED_EDGE('',*,*,#1687,.T.);
#2123 = ORIENTED_EDGE('',*,*,#1711,.F.);
#2124 = ORIENTED_EDGE('',*,*,#1736,.T.);
#2125 = ORIENTED_EDGE('',*,*,#1760,.F.);
#2126 = ORIENTED_EDGE('',*,*,#1778,.T.);
#2127 = PLANE('',#2128);
#2128 = AXIS2_PLACEMENT_3D('',#2129,#2130,#2131);
#2129 = CARTESIAN_POINT('',(-22.9,42.49,8.));
#2130 = DIRECTION('',(-1.,0.,0.));
#2131 = DIRECTION('',(0.,-1.,0.));
#2132 = ADVANCED_FACE('',(#2133),#2151,.F.);
#2133 = FACE_BOUND('',#2134,.F.);
#2134 = EDGE_LOOP('',(#2135,#2136,#2137,#2145));
#2135 = ORIENTED_EDGE('',*,*,#1493,.F.);
#2136 = ORIENTED_EDGE('',*,*,#2112,.T.);
#2137 = ORIENTED_EDGE('',*,*,#2138,.F.);
#2138 = EDGE_CURVE('',#2139,#2105,#2141,.T.);
#2139 = VERTEX_POINT('',#2140);
#2140 = CARTESIAN_POINT('',(-20.4,34.99,-0.5));
#2141 = LINE('',#2142,#2143);
#2142 = CARTESIAN_POINT('',(-11.5,34.99,-0.5));
#2143 = VECTOR('',#2144,1.);
#2144 = DIRECTION('',(-1.,0.,0.));
#2145 = ORIENTED_EDGE('',*,*,#2146,.F.);
#2146 = EDGE_CURVE('',#1486,#2139,#2147,.T.);
#2147 = LINE('',#2148,#2149);
#2148 = CARTESIAN_POINT('',(-20.4,34.99,8.));
#2149 = VECTOR('',#2150,1.);
#2150 = DIRECTION('',(-0.,-0.,-1.));
#2151 = PLANE('',#2152);
#2152 = AXIS2_PLACEMENT_3D('',#2153,#2154,#2155);
#2153 = CARTESIAN_POINT('',(-22.9,34.99,8.));
#2154 = DIRECTION('',(0.,-1.,0.));
#2155 = DIRECTION('',(1.,0.,0.));
#2156 = ADVANCED_FACE('',(#2157),#2175,.T.);
#2157 = FACE_BOUND('',#2158,.T.);
#2158 = EDGE_LOOP('',(#2159,#2167,#2168,#2169));
#2159 = ORIENTED_EDGE('',*,*,#2160,.F.);
#2160 = EDGE_CURVE('',#2139,#2161,#2163,.T.);
#2161 = VERTEX_POINT('',#2162);
#2162 = CARTESIAN_POINT('',(-20.4,-5.7,-0.5));
#2163 = LINE('',#2164,#2165);
#2164 = CARTESIAN_POINT('',(-20.4,50.,-0.5));
#2165 = VECTOR('',#2166,1.);
#2166 = DIRECTION('',(0.,-1.,0.));
#2167 = ORIENTED_EDGE('',*,*,#2146,.F.);
#2168 = ORIENTED_EDGE('',*,*,#1485,.F.);
#2169 = ORIENTED_EDGE('',*,*,#2170,.F.);
#2170 = EDGE_CURVE('',#2161,#1478,#2171,.T.);
#2171 = LINE('',#2172,#2173);
#2172 = CARTESIAN_POINT('',(-20.4,-5.7,-0.5));
#2173 = VECTOR('',#2174,1.);
#2174 = DIRECTION('',(0.,0.,1.));
#2175 = PLANE('',#2176);
#2176 = AXIS2_PLACEMENT_3D('',#2177,#2178,#2179);
#2177 = CARTESIAN_POINT('',(-20.4,50.,-0.5));
#2178 = DIRECTION('',(1.,0.,0.));
#2179 = DIRECTION('',(0.,-1.,0.));
#2180 = ADVANCED_FACE('',(#2181),#2192,.T.);
#2181 = FACE_BOUND('',#2182,.T.);
#2182 = EDGE_LOOP('',(#2183,#2189,#2190,#2191));
#2183 = ORIENTED_EDGE('',*,*,#2184,.F.);
#2184 = EDGE_CURVE('',#2161,#1990,#2185,.T.);
#2185 = LINE('',#2186,#2187);
#2186 = CARTESIAN_POINT('',(-20.4,-5.7,-0.5));
#2187 = VECTOR('',#2188,1.);
#2188 = DIRECTION('',(1.,0.,0.));
#2189 = ORIENTED_EDGE('',*,*,#2170,.T.);
#2190 = ORIENTED_EDGE('',*,*,#1477,.F.);
#2191 = ORIENTED_EDGE('',*,*,#1999,.F.);
#2192 = PLANE('',#2193);
#2193 = AXIS2_PLACEMENT_3D('',#2194,#2195,#2196);
#2194 = CARTESIAN_POINT('',(-20.4,-5.7,-0.5));
#2195 = DIRECTION('',(0.,1.,0.));
#2196 = DIRECTION('',(1.,0.,0.));
#2197 = ADVANCED_FACE('',(#2198),#2208,.T.);
#2198 = FACE_BOUND('',#2199,.T.);
#2199 = EDGE_LOOP('',(#2200,#2201,#2202,#2203,#2204,#2205,#2206,#2207));
#2200 = ORIENTED_EDGE('',*,*,#2054,.T.);
#2201 = ORIENTED_EDGE('',*,*,#2080,.F.);
#2202 = ORIENTED_EDGE('',*,*,#2104,.F.);
#2203 = ORIENTED_EDGE('',*,*,#2138,.F.);
#2204 = ORIENTED_EDGE('',*,*,#2160,.T.);
#2205 = ORIENTED_EDGE('',*,*,#2184,.T.);
#2206 = ORIENTED_EDGE('',*,*,#1989,.T.);
#2207 = ORIENTED_EDGE('',*,*,#2030,.T.);
#2208 = PLANE('',#2209);
#2209 = AXIS2_PLACEMENT_3D('',#2210,#2211,#2212);
#2210 = CARTESIAN_POINT('',(-0.740182186235,22.569787449393,-0.5));
#2211 = DIRECTION('',(0.,0.,1.));
#2212 = DIRECTION('',(1.,0.,0.));
#2213 = ( GEOMETRIC_REPRESENTATION_CONTEXT(3) 
GLOBAL_UNCERTAINTY_ASSIGNED_CONTEXT((#2217)) 
GLOBAL_UNIT_ASSIGNED_CONTEXT((#2214,#2215,#2216)) REPRESENTATION_CONTEXT
('Context #1','3D Context with UNIT and UNCERTAINTY') );
#2214 = ( LENGTH_UNIT() NAMED_UNIT(*) SI_UNIT(.MILLI.,.METRE.) );
#2215 = ( NAMED_UNIT(*) PLANE_ANGLE_UNIT() SI_UNIT($,.RADIAN.) );
#2216 = ( NAMED_UNIT(*) SI_UNIT($,.STERADIAN.) SOLID_ANGLE_UNIT() );
#2217 = UNCERTAINTY_MEASURE_WITH_UNIT(LENGTH_MEASURE(2.E-05),#2214,
  'distance_accuracy_value','confusion accuracy');
#2218 = CONTEXT_DEPENDENT_SHAPE_REPRESENTATION(#2219,#2221);
#2219 = ( REPRESENTATION_RELATIONSHIP('','',#40,#10) 
REPRESENTATION_RELATIONSHIP_WITH_TRANSFORMATION(#2220) 
SHAPE_REPRESENTATION_RELATIONSHIP() );
#2220 = ITEM_DEFINED_TRANSFORMATION('','',#11,#15);
#2221 = PRODUCT_DEFINITION_SHAPE('Placement','Placement of an item',
  #2222);
#2222 = NEXT_ASSEMBLY_USAGE_OCCURRENCE('1','Body','',#5,#35,$);
#2223 = PRODUCT_RELATED_PRODUCT_CATEGORY('part',$,(#37));
#2224 = SHAPE_DEFINITION_REPRESENTATION(#2225,#2231);
#2225 = PRODUCT_DEFINITION_SHAPE('','',#2226);
#2226 = PRODUCT_DEFINITION('design','',#2227,#2230);
#2227 = PRODUCT_DEFINITION_FORMATION('','',#2228);
#2228 = PRODUCT('Body004','Body004','',(#2229));
#2229 = PRODUCT_CONTEXT('',#2,'mechanical');
#2230 = PRODUCT_DEFINITION_CONTEXT('part definition',#2,'design');
#2231 = ADVANCED_BREP_SHAPE_REPRESENTATION('',(#11,#2232),#3538);
#2232 = MANIFOLD_SOLID_BREP('',#2233);
#2233 = CLOSED_SHELL('',(#2234,#2308,#2341,#2366,#2391,#2408,#2441,#2474
    ,#2507,#2540,#2571,#2595,#2619,#2636,#2653,#2684,#2701,#2718,#2799,
    #2830,#2847,#2878,#2924,#2942,#3067,#3079,#3091,#3115,#3140,#3164,
    #3189,#3206,#3218,#3249,#3273,#3297,#3314,#3351,#3376,#3400,#3425,
    #3449,#3474,#3498,#3516));
#2234 = ADVANCED_FACE('',(#2235,#2269),#2303,.T.);
#2235 = FACE_BOUND('',#2236,.T.);
#2236 = EDGE_LOOP('',(#2237,#2247,#2255,#2263));
#2237 = ORIENTED_EDGE('',*,*,#2238,.T.);
#2238 = EDGE_CURVE('',#2239,#2241,#2243,.T.);
#2239 = VERTEX_POINT('',#2240);
#2240 = CARTESIAN_POINT('',(29.27,43.47,13.5));
#2241 = VERTEX_POINT('',#2242);
#2242 = CARTESIAN_POINT('',(29.27,-43.29,13.5));
#2243 = LINE('',#2244,#2245);
#2244 = CARTESIAN_POINT('',(29.27,42.47,13.5));
#2245 = VECTOR('',#2246,1.);
#2246 = DIRECTION('',(0.,-1.,0.));
#2247 = ORIENTED_EDGE('',*,*,#2248,.T.);
#2248 = EDGE_CURVE('',#2241,#2249,#2251,.T.);
#2249 = VERTEX_POINT('',#2250);
#2250 = CARTESIAN_POINT('',(-29.27,-43.29,13.5));
#2251 = LINE('',#2252,#2253);
#2252 = CARTESIAN_POINT('',(28.27,-43.29,13.5));
#2253 = VECTOR('',#2254,1.);
#2254 = DIRECTION('',(-1.,0.,0.));
#2255 = ORIENTED_EDGE('',*,*,#2256,.T.);
#2256 = EDGE_CURVE('',#2249,#2257,#2259,.T.);
#2257 = VERTEX_POINT('',#2258);
#2258 = CARTESIAN_POINT('',(-29.27,43.47,13.5));
#2259 = LINE('',#2260,#2261);
#2260 = CARTESIAN_POINT('',(-29.27,-42.29,13.5));
#2261 = VECTOR('',#2262,1.);
#2262 = DIRECTION('',(0.,1.,0.));
#2263 = ORIENTED_EDGE('',*,*,#2264,.T.);
#2264 = EDGE_CURVE('',#2257,#2239,#2265,.T.);
#2265 = LINE('',#2266,#2267);
#2266 = CARTESIAN_POINT('',(-28.27,43.47,13.5));
#2267 = VECTOR('',#2268,1.);
#2268 = DIRECTION('',(1.,0.,0.));
#2269 = FACE_BOUND('',#2270,.T.);
#2270 = EDGE_LOOP('',(#2271,#2281,#2289,#2297));
#2271 = ORIENTED_EDGE('',*,*,#2272,.T.);
#2272 = EDGE_CURVE('',#2273,#2275,#2277,.T.);
#2273 = VERTEX_POINT('',#2274);
#2274 = CARTESIAN_POINT('',(31.,53.,13.5));
#2275 = VERTEX_POINT('',#2276);
#2276 = CARTESIAN_POINT('',(-31.,53.,13.5));
#2277 = LINE('',#2278,#2279);
#2278 = CARTESIAN_POINT('',(32.,53.,13.5));
#2279 = VECTOR('',#2280,1.);
#2280 = DIRECTION('',(-1.,0.,0.));
#2281 = ORIENTED_EDGE('',*,*,#2282,.T.);
#2282 = EDGE_CURVE('',#2275,#2283,#2285,.T.);
#2283 = VERTEX_POINT('',#2284);
#2284 = CARTESIAN_POINT('',(-31.,-53.,13.5));
#2285 = LINE('',#2286,#2287);
#2286 = CARTESIAN_POINT('',(-31.,54.,13.5));
#2287 = VECTOR('',#2288,1.);
#2288 = DIRECTION('',(0.,-1.,0.));
#2289 = ORIENTED_EDGE('',*,*,#2290,.T.);
#2290 = EDGE_CURVE('',#2283,#2291,#2293,.T.);
#2291 = VERTEX_POINT('',#2292);
#2292 = CARTESIAN_POINT('',(31.,-53.,13.5));
#2293 = LINE('',#2294,#2295);
#2294 = CARTESIAN_POINT('',(-32.,-53.,13.5));
#2295 = VECTOR('',#2296,1.);
#2296 = DIRECTION('',(1.,0.,0.));
#2297 = ORIENTED_EDGE('',*,*,#2298,.T.);
#2298 = EDGE_CURVE('',#2291,#2273,#2299,.T.);
#2299 = LINE('',#2300,#2301);
#2300 = CARTESIAN_POINT('',(31.,-54.,13.5));
#2301 = VECTOR('',#2302,1.);
#2302 = DIRECTION('',(0.,1.,0.));
#2303 = PLANE('',#2304);
#2304 = AXIS2_PLACEMENT_3D('',#2305,#2306,#2307);
#2305 = CARTESIAN_POINT('',(0.,0.,13.5));
#2306 = DIRECTION('',(0.,0.,1.));
#2307 = DIRECTION('',(1.,0.,0.));
#2308 = ADVANCED_FACE('',(#2309),#2336,.T.);
#2309 = FACE_BOUND('',#2310,.T.);
#2310 = EDGE_LOOP('',(#2311,#2320,#2328,#2335));
#2311 = ORIENTED_EDGE('',*,*,#2312,.T.);
#2312 = EDGE_CURVE('',#2239,#2313,#2315,.T.);
#2313 = VERTEX_POINT('',#2314);
#2314 = CARTESIAN_POINT('',(28.27,42.47,12.5));
#2315 = ELLIPSE('',#2316,1.414213562373,1.);
#2316 = AXIS2_PLACEMENT_3D('',#2317,#2318,#2319);
#2317 = CARTESIAN_POINT('',(29.27,43.47,12.5));
#2318 = DIRECTION('',(0.707106781187,-0.707106781187,0.));
#2319 = DIRECTION('',(-0.707106781187,-0.707106781187,0.));
#2320 = ORIENTED_EDGE('',*,*,#2321,.T.);
#2321 = EDGE_CURVE('',#2313,#2322,#2324,.T.);
#2322 = VERTEX_POINT('',#2323);
#2323 = CARTESIAN_POINT('',(28.27,-42.29,12.5));
#2324 = LINE('',#2325,#2326);
#2325 = CARTESIAN_POINT('',(28.27,42.47,12.5));
#2326 = VECTOR('',#2327,1.);
#2327 = DIRECTION('',(0.,-1.,0.));
#2328 = ORIENTED_EDGE('',*,*,#2329,.F.);
#2329 = EDGE_CURVE('',#2241,#2322,#2330,.T.);
#2330 = ELLIPSE('',#2331,1.414213562373,1.);
#2331 = AXIS2_PLACEMENT_3D('',#2332,#2333,#2334);
#2332 = CARTESIAN_POINT('',(29.27,-43.29,12.5));
#2333 = DIRECTION('',(-0.707106781187,-0.707106781187,0.));
#2334 = DIRECTION('',(0.707106781187,-0.707106781187,0.));
#2335 = ORIENTED_EDGE('',*,*,#2238,.F.);
#2336 = CYLINDRICAL_SURFACE('',#2337,1.);
#2337 = AXIS2_PLACEMENT_3D('',#2338,#2339,#2340);
#2338 = CARTESIAN_POINT('',(29.27,42.47,12.5));
#2339 = DIRECTION('',(0.,-1.,0.));
#2340 = DIRECTION('',(0.,0.,1.));
#2341 = ADVANCED_FACE('',(#2342),#2361,.T.);
#2342 = FACE_BOUND('',#2343,.T.);
#2343 = EDGE_LOOP('',(#2344,#2353,#2359,#2360));
#2344 = ORIENTED_EDGE('',*,*,#2345,.T.);
#2345 = EDGE_CURVE('',#2257,#2346,#2348,.T.);
#2346 = VERTEX_POINT('',#2347);
#2347 = CARTESIAN_POINT('',(-28.27,42.47,12.5));
#2348 = ELLIPSE('',#2349,1.414213562373,1.);
#2349 = AXIS2_PLACEMENT_3D('',#2350,#2351,#2352);
#2350 = CARTESIAN_POINT('',(-29.27,43.47,12.5));
#2351 = DIRECTION('',(0.707106781187,0.707106781187,-0.));
#2352 = DIRECTION('',(-0.707106781187,0.707106781187,0.));
#2353 = ORIENTED_EDGE('',*,*,#2354,.T.);
#2354 = EDGE_CURVE('',#2346,#2313,#2355,.T.);
#2355 = LINE('',#2356,#2357);
#2356 = CARTESIAN_POINT('',(-28.27,42.47,12.5));
#2357 = VECTOR('',#2358,1.);
#2358 = DIRECTION('',(1.,0.,0.));
#2359 = ORIENTED_EDGE('',*,*,#2312,.F.);
#2360 = ORIENTED_EDGE('',*,*,#2264,.F.);
#2361 = CYLINDRICAL_SURFACE('',#2362,1.);
#2362 = AXIS2_PLACEMENT_3D('',#2363,#2364,#2365);
#2363 = CARTESIAN_POINT('',(-28.27,43.47,12.5));
#2364 = DIRECTION('',(1.,0.,0.));
#2365 = DIRECTION('',(0.,0.,1.));
#2366 = ADVANCED_FACE('',(#2367),#2386,.T.);
#2367 = FACE_BOUND('',#2368,.T.);
#2368 = EDGE_LOOP('',(#2369,#2370,#2378,#2385));
#2369 = ORIENTED_EDGE('',*,*,#2329,.T.);
#2370 = ORIENTED_EDGE('',*,*,#2371,.T.);
#2371 = EDGE_CURVE('',#2322,#2372,#2374,.T.);
#2372 = VERTEX_POINT('',#2373);
#2373 = CARTESIAN_POINT('',(-28.27,-42.29,12.5));
#2374 = LINE('',#2375,#2376);
#2375 = CARTESIAN_POINT('',(28.27,-42.29,12.5));
#2376 = VECTOR('',#2377,1.);
#2377 = DIRECTION('',(-1.,0.,0.));
#2378 = ORIENTED_EDGE('',*,*,#2379,.F.);
#2379 = EDGE_CURVE('',#2249,#2372,#2380,.T.);
#2380 = ELLIPSE('',#2381,1.414213562373,1.);
#2381 = AXIS2_PLACEMENT_3D('',#2382,#2383,#2384);
#2382 = CARTESIAN_POINT('',(-29.27,-43.29,12.5));
#2383 = DIRECTION('',(-0.707106781187,0.707106781187,0.));
#2384 = DIRECTION('',(-0.707106781187,-0.707106781187,0.));
#2385 = ORIENTED_EDGE('',*,*,#2248,.F.);
#2386 = CYLINDRICAL_SURFACE('',#2387,1.);
#2387 = AXIS2_PLACEMENT_3D('',#2388,#2389,#2390);
#2388 = CARTESIAN_POINT('',(28.27,-43.29,12.5));
#2389 = DIRECTION('',(-1.,0.,0.));
#2390 = DIRECTION('',(0.,0.,1.));
#2391 = ADVANCED_FACE('',(#2392),#2403,.T.);
#2392 = FACE_BOUND('',#2393,.T.);
#2393 = EDGE_LOOP('',(#2394,#2395,#2401,#2402));
#2394 = ORIENTED_EDGE('',*,*,#2379,.T.);
#2395 = ORIENTED_EDGE('',*,*,#2396,.T.);
#2396 = EDGE_CURVE('',#2372,#2346,#2397,.T.);
#2397 = LINE('',#2398,#2399);
#2398 = CARTESIAN_POINT('',(-28.27,-42.29,12.5));
#2399 = VECTOR('',#2400,1.);
#2400 = DIRECTION('',(0.,1.,0.));
#2401 = ORIENTED_EDGE('',*,*,#2345,.F.);
#2402 = ORIENTED_EDGE('',*,*,#2256,.F.);
#2403 = CYLINDRICAL_SURFACE('',#2404,1.);
#2404 = AXIS2_PLACEMENT_3D('',#2405,#2406,#2407);
#2405 = CARTESIAN_POINT('',(-29.27,-42.29,12.5));
#2406 = DIRECTION('',(0.,1.,0.));
#2407 = DIRECTION('',(0.,0.,1.));
#2408 = ADVANCED_FACE('',(#2409),#2436,.T.);
#2409 = FACE_BOUND('',#2410,.F.);
#2410 = EDGE_LOOP('',(#2411,#2420,#2421,#2430));
#2411 = ORIENTED_EDGE('',*,*,#2412,.F.);
#2412 = EDGE_CURVE('',#2273,#2413,#2415,.T.);
#2413 = VERTEX_POINT('',#2414);
#2414 = CARTESIAN_POINT('',(31.,54.,12.5));
#2415 = CIRCLE('',#2416,1.);
#2416 = AXIS2_PLACEMENT_3D('',#2417,#2418,#2419);
#2417 = CARTESIAN_POINT('',(31.,53.,12.5));
#2418 = DIRECTION('',(-1.,0.,0.));
#2419 = DIRECTION('',(0.,1.,0.));
#2420 = ORIENTED_EDGE('',*,*,#2272,.T.);
#2421 = ORIENTED_EDGE('',*,*,#2422,.T.);
#2422 = EDGE_CURVE('',#2275,#2423,#2425,.T.);
#2423 = VERTEX_POINT('',#2424);
#2424 = CARTESIAN_POINT('',(-31.,54.,12.5));
#2425 = CIRCLE('',#2426,1.);
#2426 = AXIS2_PLACEMENT_3D('',#2427,#2428,#2429);
#2427 = CARTESIAN_POINT('',(-31.,53.,12.5));
#2428 = DIRECTION('',(-1.,0.,0.));
#2429 = DIRECTION('',(0.,1.,0.));
#2430 = ORIENTED_EDGE('',*,*,#2431,.F.);
#2431 = EDGE_CURVE('',#2413,#2423,#2432,.T.);
#2432 = LINE('',#2433,#2434);
#2433 = CARTESIAN_POINT('',(32.,54.,12.5));
#2434 = VECTOR('',#2435,1.);
#2435 = DIRECTION('',(-1.,0.,0.));
#2436 = CYLINDRICAL_SURFACE('',#2437,1.);
#2437 = AXIS2_PLACEMENT_3D('',#2438,#2439,#2440);
#2438 = CARTESIAN_POINT('',(32.,53.,12.5));
#2439 = DIRECTION('',(-1.,0.,0.));
#2440 = DIRECTION('',(0.,1.,0.));
#2441 = ADVANCED_FACE('',(#2442),#2469,.T.);
#2442 = FACE_BOUND('',#2443,.T.);
#2443 = EDGE_LOOP('',(#2444,#2453,#2461,#2468));
#2444 = ORIENTED_EDGE('',*,*,#2445,.T.);
#2445 = EDGE_CURVE('',#2291,#2446,#2448,.T.);
#2446 = VERTEX_POINT('',#2447);
#2447 = CARTESIAN_POINT('',(32.,-53.,12.5));
#2448 = CIRCLE('',#2449,1.);
#2449 = AXIS2_PLACEMENT_3D('',#2450,#2451,#2452);
#2450 = CARTESIAN_POINT('',(31.,-53.,12.5));
#2451 = DIRECTION('',(-0.,1.,0.));
#2452 = DIRECTION('',(1.,0.,0.));
#2453 = ORIENTED_EDGE('',*,*,#2454,.T.);
#2454 = EDGE_CURVE('',#2446,#2455,#2457,.T.);
#2455 = VERTEX_POINT('',#2456);
#2456 = CARTESIAN_POINT('',(32.,53.,12.5));
#2457 = LINE('',#2458,#2459);
#2458 = CARTESIAN_POINT('',(32.,-54.,12.5));
#2459 = VECTOR('',#2460,1.);
#2460 = DIRECTION('',(0.,1.,0.));
#2461 = ORIENTED_EDGE('',*,*,#2462,.F.);
#2462 = EDGE_CURVE('',#2273,#2455,#2463,.T.);
#2463 = CIRCLE('',#2464,1.);
#2464 = AXIS2_PLACEMENT_3D('',#2465,#2466,#2467);
#2465 = CARTESIAN_POINT('',(31.,53.,12.5));
#2466 = DIRECTION('',(-6.E-17,1.,0.));
#2467 = DIRECTION('',(1.,6.E-17,0.));
#2468 = ORIENTED_EDGE('',*,*,#2298,.F.);
#2469 = CYLINDRICAL_SURFACE('',#2470,1.);
#2470 = AXIS2_PLACEMENT_3D('',#2471,#2472,#2473);
#2471 = CARTESIAN_POINT('',(31.,-54.,12.5));
#2472 = DIRECTION('',(0.,1.,0.));
#2473 = DIRECTION('',(0.,0.,1.));
#2474 = ADVANCED_FACE('',(#2475),#2502,.T.);
#2475 = FACE_BOUND('',#2476,.F.);
#2476 = EDGE_LOOP('',(#2477,#2486,#2487,#2496));
#2477 = ORIENTED_EDGE('',*,*,#2478,.F.);
#2478 = EDGE_CURVE('',#2275,#2479,#2481,.T.);
#2479 = VERTEX_POINT('',#2480);
#2480 = CARTESIAN_POINT('',(-32.,53.,12.5));
#2481 = CIRCLE('',#2482,1.);
#2482 = AXIS2_PLACEMENT_3D('',#2483,#2484,#2485);
#2483 = CARTESIAN_POINT('',(-31.,53.,12.5));
#2484 = DIRECTION('',(-6.E-17,-1.,-0.));
#2485 = DIRECTION('',(-1.,6.E-17,0.));
#2486 = ORIENTED_EDGE('',*,*,#2282,.T.);
#2487 = ORIENTED_EDGE('',*,*,#2488,.T.);
#2488 = EDGE_CURVE('',#2283,#2489,#2491,.T.);
#2489 = VERTEX_POINT('',#2490);
#2490 = CARTESIAN_POINT('',(-32.,-53.,12.5));
#2491 = CIRCLE('',#2492,1.);
#2492 = AXIS2_PLACEMENT_3D('',#2493,#2494,#2495);
#2493 = CARTESIAN_POINT('',(-31.,-53.,12.5));
#2494 = DIRECTION('',(6.E-17,-1.,0.));
#2495 = DIRECTION('',(-1.,-6.E-17,0.));
#2496 = ORIENTED_EDGE('',*,*,#2497,.F.);
#2497 = EDGE_CURVE('',#2479,#2489,#2498,.T.);
#2498 = LINE('',#2499,#2500);
#2499 = CARTESIAN_POINT('',(-32.,54.,12.5));
#2500 = VECTOR('',#2501,1.);
#2501 = DIRECTION('',(0.,-1.,0.));
#2502 = CYLINDRICAL_SURFACE('',#2503,1.);
#2503 = AXIS2_PLACEMENT_3D('',#2504,#2505,#2506);
#2504 = CARTESIAN_POINT('',(-31.,54.,12.5));
#2505 = DIRECTION('',(0.,-1.,0.));
#2506 = DIRECTION('',(-1.,0.,0.));
#2507 = ADVANCED_FACE('',(#2508),#2535,.T.);
#2508 = FACE_BOUND('',#2509,.F.);
#2509 = EDGE_LOOP('',(#2510,#2519,#2520,#2529));
#2510 = ORIENTED_EDGE('',*,*,#2511,.F.);
#2511 = EDGE_CURVE('',#2283,#2512,#2514,.T.);
#2512 = VERTEX_POINT('',#2513);
#2513 = CARTESIAN_POINT('',(-31.,-54.,12.5));
#2514 = CIRCLE('',#2515,1.);
#2515 = AXIS2_PLACEMENT_3D('',#2516,#2517,#2518);
#2516 = CARTESIAN_POINT('',(-31.,-53.,12.5));
#2517 = DIRECTION('',(1.,0.,0.));
#2518 = DIRECTION('',(0.,-1.,0.));
#2519 = ORIENTED_EDGE('',*,*,#2290,.T.);
#2520 = ORIENTED_EDGE('',*,*,#2521,.T.);
#2521 = EDGE_CURVE('',#2291,#2522,#2524,.T.);
#2522 = VERTEX_POINT('',#2523);
#2523 = CARTESIAN_POINT('',(31.,-54.,12.5));
#2524 = CIRCLE('',#2525,1.);
#2525 = AXIS2_PLACEMENT_3D('',#2526,#2527,#2528);
#2526 = CARTESIAN_POINT('',(31.,-53.,12.5));
#2527 = DIRECTION('',(1.,6.E-17,0.));
#2528 = DIRECTION('',(6.E-17,-1.,0.));
#2529 = ORIENTED_EDGE('',*,*,#2530,.F.);
#2530 = EDGE_CURVE('',#2512,#2522,#2531,.T.);
#2531 = LINE('',#2532,#2533);
#2532 = CARTESIAN_POINT('',(-32.,-54.,12.5));
#2533 = VECTOR('',#2534,1.);
#2534 = DIRECTION('',(1.,0.,0.));
#2535 = CYLINDRICAL_SURFACE('',#2536,1.);
#2536 = AXIS2_PLACEMENT_3D('',#2537,#2538,#2539);
#2537 = CARTESIAN_POINT('',(-32.,-53.,12.5));
#2538 = DIRECTION('',(1.,0.,0.));
#2539 = DIRECTION('',(0.,-1.,0.));
#2540 = ADVANCED_FACE('',(#2541),#2566,.T.);
#2541 = FACE_BOUND('',#2542,.T.);
#2542 = EDGE_LOOP('',(#2543,#2551,#2559,#2565));
#2543 = ORIENTED_EDGE('',*,*,#2544,.F.);
#2544 = EDGE_CURVE('',#2545,#2313,#2547,.T.);
#2545 = VERTEX_POINT('',#2546);
#2546 = CARTESIAN_POINT('',(28.27,42.47,11.6));
#2547 = LINE('',#2548,#2549);
#2548 = CARTESIAN_POINT('',(28.27,42.47,5.));
#2549 = VECTOR('',#2550,1.);
#2550 = DIRECTION('',(0.,0.,1.));
#2551 = ORIENTED_EDGE('',*,*,#2552,.F.);
#2552 = EDGE_CURVE('',#2553,#2545,#2555,.T.);
#2553 = VERTEX_POINT('',#2554);
#2554 = CARTESIAN_POINT('',(28.27,-42.29,11.6));
#2555 = LINE('',#2556,#2557);
#2556 = CARTESIAN_POINT('',(28.27,-21.11,11.6));
#2557 = VECTOR('',#2558,1.);
#2558 = DIRECTION('',(0.,1.,0.));
#2559 = ORIENTED_EDGE('',*,*,#2560,.T.);
#2560 = EDGE_CURVE('',#2553,#2322,#2561,.T.);
#2561 = LINE('',#2562,#2563);
#2562 = CARTESIAN_POINT('',(28.27,-42.29,5.));
#2563 = VECTOR('',#2564,1.);
#2564 = DIRECTION('',(0.,0.,1.));
#2565 = ORIENTED_EDGE('',*,*,#2321,.F.);
#2566 = PLANE('',#2567);
#2567 = AXIS2_PLACEMENT_3D('',#2568,#2569,#2570);
#2568 = CARTESIAN_POINT('',(28.27,-42.29,5.));
#2569 = DIRECTION('',(-1.,0.,0.));
#2570 = DIRECTION('',(0.,1.,0.));
#2571 = ADVANCED_FACE('',(#2572),#2590,.T.);
#2572 = FACE_BOUND('',#2573,.T.);
#2573 = EDGE_LOOP('',(#2574,#2582,#2588,#2589));
#2574 = ORIENTED_EDGE('',*,*,#2575,.F.);
#2575 = EDGE_CURVE('',#2576,#2346,#2578,.T.);
#2576 = VERTEX_POINT('',#2577);
#2577 = CARTESIAN_POINT('',(-28.27,42.47,11.6));
#2578 = LINE('',#2579,#2580);
#2579 = CARTESIAN_POINT('',(-28.27,42.47,5.));
#2580 = VECTOR('',#2581,1.);
#2581 = DIRECTION('',(0.,0.,1.));
#2582 = ORIENTED_EDGE('',*,*,#2583,.F.);
#2583 = EDGE_CURVE('',#2545,#2576,#2584,.T.);
#2584 = LINE('',#2585,#2586);
#2585 = CARTESIAN_POINT('',(14.135,42.47,11.6));
#2586 = VECTOR('',#2587,1.);
#2587 = DIRECTION('',(-1.,0.,0.));
#2588 = ORIENTED_EDGE('',*,*,#2544,.T.);
#2589 = ORIENTED_EDGE('',*,*,#2354,.F.);
#2590 = PLANE('',#2591);
#2591 = AXIS2_PLACEMENT_3D('',#2592,#2593,#2594);
#2592 = CARTESIAN_POINT('',(28.27,42.47,5.));
#2593 = DIRECTION('',(0.,-1.,0.));
#2594 = DIRECTION('',(-1.,0.,0.));
#2595 = ADVANCED_FACE('',(#2596),#2614,.T.);
#2596 = FACE_BOUND('',#2597,.T.);
#2597 = EDGE_LOOP('',(#2598,#2599,#2607,#2613));
#2598 = ORIENTED_EDGE('',*,*,#2560,.F.);
#2599 = ORIENTED_EDGE('',*,*,#2600,.F.);
#2600 = EDGE_CURVE('',#2601,#2553,#2603,.T.);
#2601 = VERTEX_POINT('',#2602);
#2602 = CARTESIAN_POINT('',(-28.27,-42.29,11.6));
#2603 = LINE('',#2604,#2605);
#2604 = CARTESIAN_POINT('',(-14.135,-42.29,11.6));
#2605 = VECTOR('',#2606,1.);
#2606 = DIRECTION('',(1.,0.,0.));
#2607 = ORIENTED_EDGE('',*,*,#2608,.T.);
#2608 = EDGE_CURVE('',#2601,#2372,#2609,.T.);
#2609 = LINE('',#2610,#2611);
#2610 = CARTESIAN_POINT('',(-28.27,-42.29,5.));
#2611 = VECTOR('',#2612,1.);
#2612 = DIRECTION('',(0.,0.,1.));
#2613 = ORIENTED_EDGE('',*,*,#2371,.F.);
#2614 = PLANE('',#2615);
#2615 = AXIS2_PLACEMENT_3D('',#2616,#2617,#2618);
#2616 = CARTESIAN_POINT('',(-28.27,-42.29,5.));
#2617 = DIRECTION('',(0.,1.,0.));
#2618 = DIRECTION('',(1.,0.,0.));
#2619 = ADVANCED_FACE('',(#2620),#2631,.T.);
#2620 = FACE_BOUND('',#2621,.T.);
#2621 = EDGE_LOOP('',(#2622,#2623,#2629,#2630));
#2622 = ORIENTED_EDGE('',*,*,#2608,.F.);
#2623 = ORIENTED_EDGE('',*,*,#2624,.F.);
#2624 = EDGE_CURVE('',#2576,#2601,#2625,.T.);
#2625 = LINE('',#2626,#2627);
#2626 = CARTESIAN_POINT('',(-28.27,21.27,11.6));
#2627 = VECTOR('',#2628,1.);
#2628 = DIRECTION('',(0.,-1.,0.));
#2629 = ORIENTED_EDGE('',*,*,#2575,.T.);
#2630 = ORIENTED_EDGE('',*,*,#2396,.F.);
#2631 = PLANE('',#2632);
#2632 = AXIS2_PLACEMENT_3D('',#2633,#2634,#2635);
#2633 = CARTESIAN_POINT('',(-28.27,42.47,5.));
#2634 = DIRECTION('',(1.,0.,0.));
#2635 = DIRECTION('',(0.,-1.,0.));
#2636 = ADVANCED_FACE('',(#2637),#2648,.T.);
#2637 = FACE_BOUND('',#2638,.T.);
#2638 = EDGE_LOOP('',(#2639,#2640,#2641));
#2639 = ORIENTED_EDGE('',*,*,#2412,.F.);
#2640 = ORIENTED_EDGE('',*,*,#2462,.T.);
#2641 = ORIENTED_EDGE('',*,*,#2642,.F.);
#2642 = EDGE_CURVE('',#2413,#2455,#2643,.T.);
#2643 = CIRCLE('',#2644,1.);
#2644 = AXIS2_PLACEMENT_3D('',#2645,#2646,#2647);
#2645 = CARTESIAN_POINT('',(31.,53.,12.5));
#2646 = DIRECTION('',(0.,0.,-1.));
#2647 = DIRECTION('',(0.,1.,0.));
#2648 = SPHERICAL_SURFACE('',#2649,1.);
#2649 = AXIS2_PLACEMENT_3D('',#2650,#2651,#2652);
#2650 = CARTESIAN_POINT('',(31.,53.,12.5));
#2651 = DIRECTION('',(-0.,-0.,-1.));
#2652 = DIRECTION('',(0.,1.,0.));
#2653 = ADVANCED_FACE('',(#2654),#2679,.T.);
#2654 = FACE_BOUND('',#2655,.T.);
#2655 = EDGE_LOOP('',(#2656,#2666,#2672,#2673));
#2656 = ORIENTED_EDGE('',*,*,#2657,.T.);
#2657 = EDGE_CURVE('',#2658,#2660,#2662,.T.);
#2658 = VERTEX_POINT('',#2659);
#2659 = CARTESIAN_POINT('',(31.,54.,5.));
#2660 = VERTEX_POINT('',#2661);
#2661 = CARTESIAN_POINT('',(-31.,54.,5.));
#2662 = LINE('',#2663,#2664);
#2663 = CARTESIAN_POINT('',(32.,54.,5.));
#2664 = VECTOR('',#2665,1.);
#2665 = DIRECTION('',(-1.,0.,0.));
#2666 = ORIENTED_EDGE('',*,*,#2667,.F.);
#2667 = EDGE_CURVE('',#2423,#2660,#2668,.T.);
#2668 = LINE('',#2669,#2670);
#2669 = CARTESIAN_POINT('',(-31.,54.,13.5));
#2670 = VECTOR('',#2671,1.);
#2671 = DIRECTION('',(-0.,-0.,-1.));
#2672 = ORIENTED_EDGE('',*,*,#2431,.F.);
#2673 = ORIENTED_EDGE('',*,*,#2674,.T.);
#2674 = EDGE_CURVE('',#2413,#2658,#2675,.T.);
#2675 = LINE('',#2676,#2677);
#2676 = CARTESIAN_POINT('',(31.,54.,13.5));
#2677 = VECTOR('',#2678,1.);
#2678 = DIRECTION('',(-0.,-0.,-1.));
#2679 = PLANE('',#2680);
#2680 = AXIS2_PLACEMENT_3D('',#2681,#2682,#2683);
#2681 = CARTESIAN_POINT('',(32.,54.,13.5));
#2682 = DIRECTION('',(0.,1.,0.));
#2683 = DIRECTION('',(-1.,0.,0.));
#2684 = ADVANCED_FACE('',(#2685),#2696,.T.);
#2685 = FACE_BOUND('',#2686,.F.);
#2686 = EDGE_LOOP('',(#2687,#2688,#2689));
#2687 = ORIENTED_EDGE('',*,*,#2422,.F.);
#2688 = ORIENTED_EDGE('',*,*,#2478,.T.);
#2689 = ORIENTED_EDGE('',*,*,#2690,.F.);
#2690 = EDGE_CURVE('',#2423,#2479,#2691,.T.);
#2691 = CIRCLE('',#2692,1.);
#2692 = AXIS2_PLACEMENT_3D('',#2693,#2694,#2695);
#2693 = CARTESIAN_POINT('',(-31.,53.,12.5));
#2694 = DIRECTION('',(0.,-0.,1.));
#2695 = DIRECTION('',(0.,1.,0.));
#2696 = SPHERICAL_SURFACE('',#2697,1.);
#2697 = AXIS2_PLACEMENT_3D('',#2698,#2699,#2700);
#2698 = CARTESIAN_POINT('',(-31.,53.,12.5));
#2699 = DIRECTION('',(-0.,-0.,-1.));
#2700 = DIRECTION('',(0.,1.,0.));
#2701 = ADVANCED_FACE('',(#2702),#2713,.T.);
#2702 = FACE_BOUND('',#2703,.T.);
#2703 = EDGE_LOOP('',(#2704,#2705,#2706));
#2704 = ORIENTED_EDGE('',*,*,#2445,.F.);
#2705 = ORIENTED_EDGE('',*,*,#2521,.T.);
#2706 = ORIENTED_EDGE('',*,*,#2707,.F.);
#2707 = EDGE_CURVE('',#2446,#2522,#2708,.T.);
#2708 = CIRCLE('',#2709,1.);
#2709 = AXIS2_PLACEMENT_3D('',#2710,#2711,#2712);
#2710 = CARTESIAN_POINT('',(31.,-53.,12.5));
#2711 = DIRECTION('',(0.,0.,-1.));
#2712 = DIRECTION('',(1.,0.,0.));
#2713 = SPHERICAL_SURFACE('',#2714,1.);
#2714 = AXIS2_PLACEMENT_3D('',#2715,#2716,#2717);
#2715 = CARTESIAN_POINT('',(31.,-53.,12.5));
#2716 = DIRECTION('',(-0.,-0.,-1.));
#2717 = DIRECTION('',(1.,0.,0.));
#2718 = ADVANCED_FACE('',(#2719),#2794,.T.);
#2719 = FACE_BOUND('',#2720,.T.);
#2720 = EDGE_LOOP('',(#2721,#2729,#2737,#2745,#2754,#2762,#2771,#2779,
    #2787,#2793));
#2721 = ORIENTED_EDGE('',*,*,#2722,.T.);
#2722 = EDGE_CURVE('',#2446,#2723,#2725,.T.);
#2723 = VERTEX_POINT('',#2724);
#2724 = CARTESIAN_POINT('',(32.,-53.,5.));
#2725 = LINE('',#2726,#2727);
#2726 = CARTESIAN_POINT('',(32.,-53.,13.5));
#2727 = VECTOR('',#2728,1.);
#2728 = DIRECTION('',(-0.,-0.,-1.));
#2729 = ORIENTED_EDGE('',*,*,#2730,.T.);
#2730 = EDGE_CURVE('',#2723,#2731,#2733,.T.);
#2731 = VERTEX_POINT('',#2732);
#2732 = CARTESIAN_POINT('',(32.,19.55,5.));
#2733 = LINE('',#2734,#2735);
#2734 = CARTESIAN_POINT('',(32.,-54.,5.));
#2735 = VECTOR('',#2736,1.);
#2736 = DIRECTION('',(0.,1.,0.));
#2737 = ORIENTED_EDGE('',*,*,#2738,.F.);
#2738 = EDGE_CURVE('',#2739,#2731,#2741,.T.);
#2739 = VERTEX_POINT('',#2740);
#2740 = CARTESIAN_POINT('',(32.,19.55,6.32));
#2741 = LINE('',#2742,#2743);
#2742 = CARTESIAN_POINT('',(32.,19.55,6.32));
#2743 = VECTOR('',#2744,1.);
#2744 = DIRECTION('',(0.,0.,-1.));
#2745 = ORIENTED_EDGE('',*,*,#2746,.F.);
#2746 = EDGE_CURVE('',#2747,#2739,#2749,.T.);
#2747 = VERTEX_POINT('',#2748);
#2748 = CARTESIAN_POINT('',(32.,20.55,7.32));
#2749 = CIRCLE('',#2750,1.);
#2750 = AXIS2_PLACEMENT_3D('',#2751,#2752,#2753);
#2751 = CARTESIAN_POINT('',(32.,20.55,6.32));
#2752 = DIRECTION('',(1.,0.,0.));
#2753 = DIRECTION('',(0.,1.,0.));
#2754 = ORIENTED_EDGE('',*,*,#2755,.F.);
#2755 = EDGE_CURVE('',#2756,#2747,#2758,.T.);
#2756 = VERTEX_POINT('',#2757);
#2757 = CARTESIAN_POINT('',(32.,30.55,7.32));
#2758 = LINE('',#2759,#2760);
#2759 = CARTESIAN_POINT('',(32.,30.55,7.32));
#2760 = VECTOR('',#2761,1.);
#2761 = DIRECTION('',(0.,-1.,0.));
#2762 = ORIENTED_EDGE('',*,*,#2763,.F.);
#2763 = EDGE_CURVE('',#2764,#2756,#2766,.T.);
#2764 = VERTEX_POINT('',#2765);
#2765 = CARTESIAN_POINT('',(32.,31.55,6.32));
#2766 = CIRCLE('',#2767,1.);
#2767 = AXIS2_PLACEMENT_3D('',#2768,#2769,#2770);
#2768 = CARTESIAN_POINT('',(32.,30.55,6.32));
#2769 = DIRECTION('',(1.,0.,0.));
#2770 = DIRECTION('',(0.,1.,0.));
#2771 = ORIENTED_EDGE('',*,*,#2772,.F.);
#2772 = EDGE_CURVE('',#2773,#2764,#2775,.T.);
#2773 = VERTEX_POINT('',#2774);
#2774 = CARTESIAN_POINT('',(32.,31.55,5.));
#2775 = LINE('',#2776,#2777);
#2776 = CARTESIAN_POINT('',(32.,31.55,2.32));
#2777 = VECTOR('',#2778,1.);
#2778 = DIRECTION('',(0.,0.,1.));
#2779 = ORIENTED_EDGE('',*,*,#2780,.T.);
#2780 = EDGE_CURVE('',#2773,#2781,#2783,.T.);
#2781 = VERTEX_POINT('',#2782);
#2782 = CARTESIAN_POINT('',(32.,53.,5.));
#2783 = LINE('',#2784,#2785);
#2784 = CARTESIAN_POINT('',(32.,-54.,5.));
#2785 = VECTOR('',#2786,1.);
#2786 = DIRECTION('',(0.,1.,0.));
#2787 = ORIENTED_EDGE('',*,*,#2788,.F.);
#2788 = EDGE_CURVE('',#2455,#2781,#2789,.T.);
#2789 = LINE('',#2790,#2791);
#2790 = CARTESIAN_POINT('',(32.,53.,13.5));
#2791 = VECTOR('',#2792,1.);
#2792 = DIRECTION('',(-0.,-0.,-1.));
#2793 = ORIENTED_EDGE('',*,*,#2454,.F.);
#2794 = PLANE('',#2795);
#2795 = AXIS2_PLACEMENT_3D('',#2796,#2797,#2798);
#2796 = CARTESIAN_POINT('',(32.,-54.,13.5));
#2797 = DIRECTION('',(1.,0.,0.));
#2798 = DIRECTION('',(0.,1.,0.));
#2799 = ADVANCED_FACE('',(#2800),#2825,.T.);
#2800 = FACE_BOUND('',#2801,.T.);
#2801 = EDGE_LOOP('',(#2802,#2812,#2818,#2819));
#2802 = ORIENTED_EDGE('',*,*,#2803,.T.);
#2803 = EDGE_CURVE('',#2804,#2806,#2808,.T.);
#2804 = VERTEX_POINT('',#2805);
#2805 = CARTESIAN_POINT('',(-32.,53.,5.));
#2806 = VERTEX_POINT('',#2807);
#2807 = CARTESIAN_POINT('',(-32.,-53.,5.));
#2808 = LINE('',#2809,#2810);
#2809 = CARTESIAN_POINT('',(-32.,54.,5.));
#2810 = VECTOR('',#2811,1.);
#2811 = DIRECTION('',(0.,-1.,0.));
#2812 = ORIENTED_EDGE('',*,*,#2813,.F.);
#2813 = EDGE_CURVE('',#2489,#2806,#2814,.T.);
#2814 = LINE('',#2815,#2816);
#2815 = CARTESIAN_POINT('',(-32.,-53.,13.5));
#2816 = VECTOR('',#2817,1.);
#2817 = DIRECTION('',(-0.,-0.,-1.));
#2818 = ORIENTED_EDGE('',*,*,#2497,.F.);
#2819 = ORIENTED_EDGE('',*,*,#2820,.T.);
#2820 = EDGE_CURVE('',#2479,#2804,#2821,.T.);
#2821 = LINE('',#2822,#2823);
#2822 = CARTESIAN_POINT('',(-32.,53.,13.5));
#2823 = VECTOR('',#2824,1.);
#2824 = DIRECTION('',(-0.,-0.,-1.));
#2825 = PLANE('',#2826);
#2826 = AXIS2_PLACEMENT_3D('',#2827,#2828,#2829);
#2827 = CARTESIAN_POINT('',(-32.,54.,13.5));
#2828 = DIRECTION('',(-1.,0.,0.));
#2829 = DIRECTION('',(0.,-1.,0.));
#2830 = ADVANCED_FACE('',(#2831),#2842,.T.);
#2831 = FACE_BOUND('',#2832,.T.);
#2832 = EDGE_LOOP('',(#2833,#2834,#2835));
#2833 = ORIENTED_EDGE('',*,*,#2511,.F.);
#2834 = ORIENTED_EDGE('',*,*,#2488,.T.);
#2835 = ORIENTED_EDGE('',*,*,#2836,.F.);
#2836 = EDGE_CURVE('',#2512,#2489,#2837,.T.);
#2837 = CIRCLE('',#2838,1.);
#2838 = AXIS2_PLACEMENT_3D('',#2839,#2840,#2841);
#2839 = CARTESIAN_POINT('',(-31.,-53.,12.5));
#2840 = DIRECTION('',(-0.,-0.,-1.));
#2841 = DIRECTION('',(0.,-1.,0.));
#2842 = SPHERICAL_SURFACE('',#2843,1.);
#2843 = AXIS2_PLACEMENT_3D('',#2844,#2845,#2846);
#2844 = CARTESIAN_POINT('',(-31.,-53.,12.5));
#2845 = DIRECTION('',(-0.,-0.,-1.));
#2846 = DIRECTION('',(0.,-1.,0.));
#2847 = ADVANCED_FACE('',(#2848),#2873,.T.);
#2848 = FACE_BOUND('',#2849,.T.);
#2849 = EDGE_LOOP('',(#2850,#2860,#2866,#2867));
#2850 = ORIENTED_EDGE('',*,*,#2851,.T.);
#2851 = EDGE_CURVE('',#2852,#2854,#2856,.T.);
#2852 = VERTEX_POINT('',#2853);
#2853 = CARTESIAN_POINT('',(-31.,-54.,5.));
#2854 = VERTEX_POINT('',#2855);
#2855 = CARTESIAN_POINT('',(31.,-54.,5.));
#2856 = LINE('',#2857,#2858);
#2857 = CARTESIAN_POINT('',(-32.,-54.,5.));
#2858 = VECTOR('',#2859,1.);
#2859 = DIRECTION('',(1.,0.,0.));
#2860 = ORIENTED_EDGE('',*,*,#2861,.F.);
#2861 = EDGE_CURVE('',#2522,#2854,#2862,.T.);
#2862 = LINE('',#2863,#2864);
#2863 = CARTESIAN_POINT('',(31.,-54.,13.5));
#2864 = VECTOR('',#2865,1.);
#2865 = DIRECTION('',(-0.,-0.,-1.));
#2866 = ORIENTED_EDGE('',*,*,#2530,.F.);
#2867 = ORIENTED_EDGE('',*,*,#2868,.T.);
#2868 = EDGE_CURVE('',#2512,#2852,#2869,.T.);
#2869 = LINE('',#2870,#2871);
#2870 = CARTESIAN_POINT('',(-31.,-54.,13.5));
#2871 = VECTOR('',#2872,1.);
#2872 = DIRECTION('',(-0.,-0.,-1.));
#2873 = PLANE('',#2874);
#2874 = AXIS2_PLACEMENT_3D('',#2875,#2876,#2877);
#2875 = CARTESIAN_POINT('',(-32.,-54.,13.5));
#2876 = DIRECTION('',(0.,-1.,0.));
#2877 = DIRECTION('',(1.,0.,0.));
#2878 = ADVANCED_FACE('',(#2879,#2913),#2919,.F.);
#2879 = FACE_BOUND('',#2880,.F.);
#2880 = EDGE_LOOP('',(#2881,#2891,#2899,#2907));
#2881 = ORIENTED_EDGE('',*,*,#2882,.T.);
#2882 = EDGE_CURVE('',#2883,#2885,#2887,.T.);
#2883 = VERTEX_POINT('',#2884);
#2884 = CARTESIAN_POINT('',(28.37,-49.13,11.6));
#2885 = VERTEX_POINT('',#2886);
#2886 = CARTESIAN_POINT('',(28.37,49.27,11.6));
#2887 = LINE('',#2888,#2889);
#2888 = CARTESIAN_POINT('',(28.37,-49.13,11.6));
#2889 = VECTOR('',#2890,1.);
#2890 = DIRECTION('',(0.,1.,0.));
#2891 = ORIENTED_EDGE('',*,*,#2892,.T.);
#2892 = EDGE_CURVE('',#2885,#2893,#2895,.T.);
#2893 = VERTEX_POINT('',#2894);
#2894 = CARTESIAN_POINT('',(-28.37,49.27,11.6));
#2895 = LINE('',#2896,#2897);
#2896 = CARTESIAN_POINT('',(28.37,49.27,11.6));
#2897 = VECTOR('',#2898,1.);
#2898 = DIRECTION('',(-1.,0.,0.));
#2899 = ORIENTED_EDGE('',*,*,#2900,.T.);
#2900 = EDGE_CURVE('',#2893,#2901,#2903,.T.);
#2901 = VERTEX_POINT('',#2902);
#2902 = CARTESIAN_POINT('',(-28.37,-49.13,11.6));
#2903 = LINE('',#2904,#2905);
#2904 = CARTESIAN_POINT('',(-28.37,49.27,11.6));
#2905 = VECTOR('',#2906,1.);
#2906 = DIRECTION('',(0.,-1.,0.));
#2907 = ORIENTED_EDGE('',*,*,#2908,.T.);
#2908 = EDGE_CURVE('',#2901,#2883,#2909,.T.);
#2909 = LINE('',#2910,#2911);
#2910 = CARTESIAN_POINT('',(-28.37,-49.13,11.6));
#2911 = VECTOR('',#2912,1.);
#2912 = DIRECTION('',(1.,0.,0.));
#2913 = FACE_BOUND('',#2914,.F.);
#2914 = EDGE_LOOP('',(#2915,#2916,#2917,#2918));
#2915 = ORIENTED_EDGE('',*,*,#2600,.F.);
#2916 = ORIENTED_EDGE('',*,*,#2624,.F.);
#2917 = ORIENTED_EDGE('',*,*,#2583,.F.);
#2918 = ORIENTED_EDGE('',*,*,#2552,.F.);
#2919 = PLANE('',#2920);
#2920 = AXIS2_PLACEMENT_3D('',#2921,#2922,#2923);
#2921 = CARTESIAN_POINT('',(5.13E-15,6.999999999999E-02,11.6));
#2922 = DIRECTION('',(0.,0.,1.));
#2923 = DIRECTION('',(1.,0.,0.));
#2924 = ADVANCED_FACE('',(#2925),#2937,.T.);
#2925 = FACE_BOUND('',#2926,.T.);
#2926 = EDGE_LOOP('',(#2927,#2928,#2929,#2930));
#2927 = ORIENTED_EDGE('',*,*,#2674,.F.);
#2928 = ORIENTED_EDGE('',*,*,#2642,.T.);
#2929 = ORIENTED_EDGE('',*,*,#2788,.T.);
#2930 = ORIENTED_EDGE('',*,*,#2931,.F.);
#2931 = EDGE_CURVE('',#2658,#2781,#2932,.T.);
#2932 = CIRCLE('',#2933,1.);
#2933 = AXIS2_PLACEMENT_3D('',#2934,#2935,#2936);
#2934 = CARTESIAN_POINT('',(31.,53.,5.));
#2935 = DIRECTION('',(0.,0.,-1.));
#2936 = DIRECTION('',(0.,1.,0.));
#2937 = CYLINDRICAL_SURFACE('',#2938,1.);
#2938 = AXIS2_PLACEMENT_3D('',#2939,#2940,#2941);
#2939 = CARTESIAN_POINT('',(31.,53.,13.5));
#2940 = DIRECTION('',(-0.,-0.,-1.));
#2941 = DIRECTION('',(0.,1.,0.));
#2942 = ADVANCED_FACE('',(#2943),#3062,.F.);
#2943 = FACE_BOUND('',#2944,.F.);
#2944 = EDGE_LOOP('',(#2945,#2952,#2953,#2960,#2961,#2968,#2969,#2977,
    #2985,#2994,#3002,#3011,#3019,#3028,#3036,#3045,#3053,#3059,#3060,
    #3061));
#2945 = ORIENTED_EDGE('',*,*,#2946,.F.);
#2946 = EDGE_CURVE('',#2804,#2660,#2947,.T.);
#2947 = CIRCLE('',#2948,1.);
#2948 = AXIS2_PLACEMENT_3D('',#2949,#2950,#2951);
#2949 = CARTESIAN_POINT('',(-31.,53.,5.));
#2950 = DIRECTION('',(0.,0.,-1.));
#2951 = DIRECTION('',(0.,1.,0.));
#2952 = ORIENTED_EDGE('',*,*,#2803,.T.);
#2953 = ORIENTED_EDGE('',*,*,#2954,.T.);
#2954 = EDGE_CURVE('',#2806,#2852,#2955,.T.);
#2955 = CIRCLE('',#2956,1.);
#2956 = AXIS2_PLACEMENT_3D('',#2957,#2958,#2959);
#2957 = CARTESIAN_POINT('',(-31.,-53.,5.));
#2958 = DIRECTION('',(0.,-0.,1.));
#2959 = DIRECTION('',(0.,1.,0.));
#2960 = ORIENTED_EDGE('',*,*,#2851,.T.);
#2961 = ORIENTED_EDGE('',*,*,#2962,.T.);
#2962 = EDGE_CURVE('',#2854,#2723,#2963,.T.);
#2963 = CIRCLE('',#2964,1.);
#2964 = AXIS2_PLACEMENT_3D('',#2965,#2966,#2967);
#2965 = CARTESIAN_POINT('',(31.,-53.,5.));
#2966 = DIRECTION('',(0.,-0.,1.));
#2967 = DIRECTION('',(0.,1.,0.));
#2968 = ORIENTED_EDGE('',*,*,#2730,.T.);
#2969 = ORIENTED_EDGE('',*,*,#2970,.F.);
#2970 = EDGE_CURVE('',#2971,#2731,#2973,.T.);
#2971 = VERTEX_POINT('',#2972);
#2972 = CARTESIAN_POINT('',(29.9,19.55,5.));
#2973 = LINE('',#2974,#2975);
#2974 = CARTESIAN_POINT('',(16.,19.55,5.));
#2975 = VECTOR('',#2976,1.);
#2976 = DIRECTION('',(1.,0.,0.));
#2977 = ORIENTED_EDGE('',*,*,#2978,.T.);
#2978 = EDGE_CURVE('',#2971,#2979,#2981,.T.);
#2979 = VERTEX_POINT('',#2980);
#2980 = CARTESIAN_POINT('',(29.9,-50.9,5.));
#2981 = LINE('',#2982,#2983);
#2982 = CARTESIAN_POINT('',(29.9,50.9,5.));
#2983 = VECTOR('',#2984,1.);
#2984 = DIRECTION('',(0.,-1.,0.));
#2985 = ORIENTED_EDGE('',*,*,#2986,.T.);
#2986 = EDGE_CURVE('',#2979,#2987,#2989,.T.);
#2987 = VERTEX_POINT('',#2988);
#2988 = CARTESIAN_POINT('',(28.9,-51.9,5.));
#2989 = CIRCLE('',#2990,1.);
#2990 = AXIS2_PLACEMENT_3D('',#2991,#2992,#2993);
#2991 = CARTESIAN_POINT('',(28.9,-50.9,5.));
#2992 = DIRECTION('',(0.,0.,-1.));
#2993 = DIRECTION('',(1.,0.,0.));
#2994 = ORIENTED_EDGE('',*,*,#2995,.T.);
#2995 = EDGE_CURVE('',#2987,#2996,#2998,.T.);
#2996 = VERTEX_POINT('',#2997);
#2997 = CARTESIAN_POINT('',(-28.9,-51.9,5.));
#2998 = LINE('',#2999,#3000);
#2999 = CARTESIAN_POINT('',(28.9,-51.9,5.));
#3000 = VECTOR('',#3001,1.);
#3001 = DIRECTION('',(-1.,0.,0.));
#3002 = ORIENTED_EDGE('',*,*,#3003,.T.);
#3003 = EDGE_CURVE('',#2996,#3004,#3006,.T.);
#3004 = VERTEX_POINT('',#3005);
#3005 = CARTESIAN_POINT('',(-29.9,-50.9,5.));
#3006 = CIRCLE('',#3007,1.);
#3007 = AXIS2_PLACEMENT_3D('',#3008,#3009,#3010);
#3008 = CARTESIAN_POINT('',(-28.9,-50.9,5.));
#3009 = DIRECTION('',(0.,0.,-1.));
#3010 = DIRECTION('',(1.,0.,0.));
#3011 = ORIENTED_EDGE('',*,*,#3012,.T.);
#3012 = EDGE_CURVE('',#3004,#3013,#3015,.T.);
#3013 = VERTEX_POINT('',#3014);
#3014 = CARTESIAN_POINT('',(-29.9,50.9,5.));
#3015 = LINE('',#3016,#3017);
#3016 = CARTESIAN_POINT('',(-29.9,-50.9,5.));
#3017 = VECTOR('',#3018,1.);
#3018 = DIRECTION('',(0.,1.,0.));
#3019 = ORIENTED_EDGE('',*,*,#3020,.T.);
#3020 = EDGE_CURVE('',#3013,#3021,#3023,.T.);
#3021 = VERTEX_POINT('',#3022);
#3022 = CARTESIAN_POINT('',(-28.9,51.9,5.));
#3023 = CIRCLE('',#3024,1.);
#3024 = AXIS2_PLACEMENT_3D('',#3025,#3026,#3027);
#3025 = CARTESIAN_POINT('',(-28.9,50.9,5.));
#3026 = DIRECTION('',(0.,0.,-1.));
#3027 = DIRECTION('',(1.,0.,0.));
#3028 = ORIENTED_EDGE('',*,*,#3029,.T.);
#3029 = EDGE_CURVE('',#3021,#3030,#3032,.T.);
#3030 = VERTEX_POINT('',#3031);
#3031 = CARTESIAN_POINT('',(28.9,51.9,5.));
#3032 = LINE('',#3033,#3034);
#3033 = CARTESIAN_POINT('',(-28.9,51.9,5.));
#3034 = VECTOR('',#3035,1.);
#3035 = DIRECTION('',(1.,0.,0.));
#3036 = ORIENTED_EDGE('',*,*,#3037,.T.);
#3037 = EDGE_CURVE('',#3030,#3038,#3040,.T.);
#3038 = VERTEX_POINT('',#3039);
#3039 = CARTESIAN_POINT('',(29.9,50.9,5.));
#3040 = CIRCLE('',#3041,1.);
#3041 = AXIS2_PLACEMENT_3D('',#3042,#3043,#3044);
#3042 = CARTESIAN_POINT('',(28.9,50.9,5.));
#3043 = DIRECTION('',(0.,0.,-1.));
#3044 = DIRECTION('',(1.,0.,0.));
#3045 = ORIENTED_EDGE('',*,*,#3046,.T.);
#3046 = EDGE_CURVE('',#3038,#3047,#3049,.T.);
#3047 = VERTEX_POINT('',#3048);
#3048 = CARTESIAN_POINT('',(29.9,31.55,5.));
#3049 = LINE('',#3050,#3051);
#3050 = CARTESIAN_POINT('',(29.9,50.9,5.));
#3051 = VECTOR('',#3052,1.);
#3052 = DIRECTION('',(0.,-1.,0.));
#3053 = ORIENTED_EDGE('',*,*,#3054,.F.);
#3054 = EDGE_CURVE('',#2773,#3047,#3055,.T.);
#3055 = LINE('',#3056,#3057);
#3056 = CARTESIAN_POINT('',(16.,31.55,5.));
#3057 = VECTOR('',#3058,1.);
#3058 = DIRECTION('',(-1.,0.,0.));
#3059 = ORIENTED_EDGE('',*,*,#2780,.T.);
#3060 = ORIENTED_EDGE('',*,*,#2931,.F.);
#3061 = ORIENTED_EDGE('',*,*,#2657,.T.);
#3062 = PLANE('',#3063);
#3063 = AXIS2_PLACEMENT_3D('',#3064,#3065,#3066);
#3064 = CARTESIAN_POINT('',(0.,0.,5.));
#3065 = DIRECTION('',(0.,0.,1.));
#3066 = DIRECTION('',(1.,0.,0.));
#3067 = ADVANCED_FACE('',(#3068),#3074,.T.);
#3068 = FACE_BOUND('',#3069,.T.);
#3069 = EDGE_LOOP('',(#3070,#3071,#3072,#3073));
#3070 = ORIENTED_EDGE('',*,*,#2820,.F.);
#3071 = ORIENTED_EDGE('',*,*,#2690,.F.);
#3072 = ORIENTED_EDGE('',*,*,#2667,.T.);
#3073 = ORIENTED_EDGE('',*,*,#2946,.F.);
#3074 = CYLINDRICAL_SURFACE('',#3075,1.);
#3075 = AXIS2_PLACEMENT_3D('',#3076,#3077,#3078);
#3076 = CARTESIAN_POINT('',(-31.,53.,13.5));
#3077 = DIRECTION('',(-0.,-0.,-1.));
#3078 = DIRECTION('',(-1.,0.,0.));
#3079 = ADVANCED_FACE('',(#3080),#3086,.T.);
#3080 = FACE_BOUND('',#3081,.F.);
#3081 = EDGE_LOOP('',(#3082,#3083,#3084,#3085));
#3082 = ORIENTED_EDGE('',*,*,#2861,.F.);
#3083 = ORIENTED_EDGE('',*,*,#2707,.F.);
#3084 = ORIENTED_EDGE('',*,*,#2722,.T.);
#3085 = ORIENTED_EDGE('',*,*,#2962,.F.);
#3086 = CYLINDRICAL_SURFACE('',#3087,1.);
#3087 = AXIS2_PLACEMENT_3D('',#3088,#3089,#3090);
#3088 = CARTESIAN_POINT('',(31.,-53.,13.5));
#3089 = DIRECTION('',(-0.,-0.,-1.));
#3090 = DIRECTION('',(0.,-1.,0.));
#3091 = ADVANCED_FACE('',(#3092),#3110,.F.);
#3092 = FACE_BOUND('',#3093,.F.);
#3093 = EDGE_LOOP('',(#3094,#3095,#3096,#3104));
#3094 = ORIENTED_EDGE('',*,*,#2772,.F.);
#3095 = ORIENTED_EDGE('',*,*,#3054,.T.);
#3096 = ORIENTED_EDGE('',*,*,#3097,.T.);
#3097 = EDGE_CURVE('',#3047,#3098,#3100,.T.);
#3098 = VERTEX_POINT('',#3099);
#3099 = CARTESIAN_POINT('',(29.9,31.55,6.32));
#3100 = LINE('',#3101,#3102);
#3101 = CARTESIAN_POINT('',(29.9,31.55,3.66));
#3102 = VECTOR('',#3103,1.);
#3103 = DIRECTION('',(0.,0.,1.));
#3104 = ORIENTED_EDGE('',*,*,#3105,.F.);
#3105 = EDGE_CURVE('',#2764,#3098,#3106,.T.);
#3106 = LINE('',#3107,#3108);
#3107 = CARTESIAN_POINT('',(32.,31.55,6.32));
#3108 = VECTOR('',#3109,1.);
#3109 = DIRECTION('',(-1.,-0.,-0.));
#3110 = PLANE('',#3111);
#3111 = AXIS2_PLACEMENT_3D('',#3112,#3113,#3114);
#3112 = CARTESIAN_POINT('',(32.,31.55,2.32));
#3113 = DIRECTION('',(0.,1.,0.));
#3114 = DIRECTION('',(0.,-0.,1.));
#3115 = ADVANCED_FACE('',(#3116),#3135,.F.);
#3116 = FACE_BOUND('',#3117,.F.);
#3117 = EDGE_LOOP('',(#3118,#3119,#3120,#3129));
#3118 = ORIENTED_EDGE('',*,*,#2763,.F.);
#3119 = ORIENTED_EDGE('',*,*,#3105,.T.);
#3120 = ORIENTED_EDGE('',*,*,#3121,.T.);
#3121 = EDGE_CURVE('',#3098,#3122,#3124,.T.);
#3122 = VERTEX_POINT('',#3123);
#3123 = CARTESIAN_POINT('',(29.9,30.55,7.32));
#3124 = CIRCLE('',#3125,1.);
#3125 = AXIS2_PLACEMENT_3D('',#3126,#3127,#3128);
#3126 = CARTESIAN_POINT('',(29.9,30.55,6.32));
#3127 = DIRECTION('',(1.,0.,0.));
#3128 = DIRECTION('',(-0.,1.,0.));
#3129 = ORIENTED_EDGE('',*,*,#3130,.F.);
#3130 = EDGE_CURVE('',#2756,#3122,#3131,.T.);
#3131 = LINE('',#3132,#3133);
#3132 = CARTESIAN_POINT('',(32.,30.55,7.32));
#3133 = VECTOR('',#3134,1.);
#3134 = DIRECTION('',(-1.,-0.,-0.));
#3135 = CYLINDRICAL_SURFACE('',#3136,1.);
#3136 = AXIS2_PLACEMENT_3D('',#3137,#3138,#3139);
#3137 = CARTESIAN_POINT('',(32.,30.55,6.32));
#3138 = DIRECTION('',(1.,0.,0.));
#3139 = DIRECTION('',(-0.,1.,0.));
#3140 = ADVANCED_FACE('',(#3141),#3159,.F.);
#3141 = FACE_BOUND('',#3142,.F.);
#3142 = EDGE_LOOP('',(#3143,#3144,#3145,#3153));
#3143 = ORIENTED_EDGE('',*,*,#2755,.F.);
#3144 = ORIENTED_EDGE('',*,*,#3130,.T.);
#3145 = ORIENTED_EDGE('',*,*,#3146,.T.);
#3146 = EDGE_CURVE('',#3122,#3147,#3149,.T.);
#3147 = VERTEX_POINT('',#3148);
#3148 = CARTESIAN_POINT('',(29.9,20.55,7.32));
#3149 = LINE('',#3150,#3151);
#3150 = CARTESIAN_POINT('',(29.9,40.725,7.32));
#3151 = VECTOR('',#3152,1.);
#3152 = DIRECTION('',(0.,-1.,0.));
#3153 = ORIENTED_EDGE('',*,*,#3154,.F.);
#3154 = EDGE_CURVE('',#2747,#3147,#3155,.T.);
#3155 = LINE('',#3156,#3157);
#3156 = CARTESIAN_POINT('',(32.,20.55,7.32));
#3157 = VECTOR('',#3158,1.);
#3158 = DIRECTION('',(-1.,-0.,-0.));
#3159 = PLANE('',#3160);
#3160 = AXIS2_PLACEMENT_3D('',#3161,#3162,#3163);
#3161 = CARTESIAN_POINT('',(32.,30.55,7.32));
#3162 = DIRECTION('',(0.,0.,1.));
#3163 = DIRECTION('',(0.,-1.,0.));
#3164 = ADVANCED_FACE('',(#3165),#3184,.F.);
#3165 = FACE_BOUND('',#3166,.F.);
#3166 = EDGE_LOOP('',(#3167,#3168,#3169,#3178));
#3167 = ORIENTED_EDGE('',*,*,#2746,.F.);
#3168 = ORIENTED_EDGE('',*,*,#3154,.T.);
#3169 = ORIENTED_EDGE('',*,*,#3170,.T.);
#3170 = EDGE_CURVE('',#3147,#3171,#3173,.T.);
#3171 = VERTEX_POINT('',#3172);
#3172 = CARTESIAN_POINT('',(29.9,19.55,6.32));
#3173 = CIRCLE('',#3174,1.);
#3174 = AXIS2_PLACEMENT_3D('',#3175,#3176,#3177);
#3175 = CARTESIAN_POINT('',(29.9,20.55,6.32));
#3176 = DIRECTION('',(1.,0.,0.));
#3177 = DIRECTION('',(-0.,1.,0.));
#3178 = ORIENTED_EDGE('',*,*,#3179,.F.);
#3179 = EDGE_CURVE('',#2739,#3171,#3180,.T.);
#3180 = LINE('',#3181,#3182);
#3181 = CARTESIAN_POINT('',(32.,19.55,6.32));
#3182 = VECTOR('',#3183,1.);
#3183 = DIRECTION('',(-1.,-0.,-0.));
#3184 = CYLINDRICAL_SURFACE('',#3185,1.);
#3185 = AXIS2_PLACEMENT_3D('',#3186,#3187,#3188);
#3186 = CARTESIAN_POINT('',(32.,20.55,6.32));
#3187 = DIRECTION('',(1.,0.,0.));
#3188 = DIRECTION('',(-0.,1.,0.));
#3189 = ADVANCED_FACE('',(#3190),#3201,.F.);
#3190 = FACE_BOUND('',#3191,.F.);
#3191 = EDGE_LOOP('',(#3192,#3193,#3194,#3200));
#3192 = ORIENTED_EDGE('',*,*,#2738,.F.);
#3193 = ORIENTED_EDGE('',*,*,#3179,.T.);
#3194 = ORIENTED_EDGE('',*,*,#3195,.T.);
#3195 = EDGE_CURVE('',#3171,#2971,#3196,.T.);
#3196 = LINE('',#3197,#3198);
#3197 = CARTESIAN_POINT('',(29.9,19.55,5.66));
#3198 = VECTOR('',#3199,1.);
#3199 = DIRECTION('',(0.,0.,-1.));
#3200 = ORIENTED_EDGE('',*,*,#2970,.T.);
#3201 = PLANE('',#3202);
#3202 = AXIS2_PLACEMENT_3D('',#3203,#3204,#3205);
#3203 = CARTESIAN_POINT('',(32.,19.55,6.32));
#3204 = DIRECTION('',(0.,-1.,0.));
#3205 = DIRECTION('',(0.,0.,-1.));
#3206 = ADVANCED_FACE('',(#3207),#3213,.T.);
#3207 = FACE_BOUND('',#3208,.F.);
#3208 = EDGE_LOOP('',(#3209,#3210,#3211,#3212));
#3209 = ORIENTED_EDGE('',*,*,#2813,.F.);
#3210 = ORIENTED_EDGE('',*,*,#2836,.F.);
#3211 = ORIENTED_EDGE('',*,*,#2868,.T.);
#3212 = ORIENTED_EDGE('',*,*,#2954,.F.);
#3213 = CYLINDRICAL_SURFACE('',#3214,1.);
#3214 = AXIS2_PLACEMENT_3D('',#3215,#3216,#3217);
#3215 = CARTESIAN_POINT('',(-31.,-53.,13.5));
#3216 = DIRECTION('',(-0.,-0.,-1.));
#3217 = DIRECTION('',(-1.,0.,0.));
#3218 = ADVANCED_FACE('',(#3219),#3244,.T.);
#3219 = FACE_BOUND('',#3220,.T.);
#3220 = EDGE_LOOP('',(#3221,#3231,#3237,#3238));
#3221 = ORIENTED_EDGE('',*,*,#3222,.F.);
#3222 = EDGE_CURVE('',#3223,#3225,#3227,.T.);
#3223 = VERTEX_POINT('',#3224);
#3224 = CARTESIAN_POINT('',(28.37,-49.13,8.1));
#3225 = VERTEX_POINT('',#3226);
#3226 = CARTESIAN_POINT('',(28.37,49.27,8.1));
#3227 = LINE('',#3228,#3229);
#3228 = CARTESIAN_POINT('',(28.37,-24.565,8.1));
#3229 = VECTOR('',#3230,1.);
#3230 = DIRECTION('',(0.,1.,0.));
#3231 = ORIENTED_EDGE('',*,*,#3232,.T.);
#3232 = EDGE_CURVE('',#3223,#2883,#3233,.T.);
#3233 = LINE('',#3234,#3235);
#3234 = CARTESIAN_POINT('',(28.37,-49.13,8.));
#3235 = VECTOR('',#3236,1.);
#3236 = DIRECTION('',(0.,0.,1.));
#3237 = ORIENTED_EDGE('',*,*,#2882,.T.);
#3238 = ORIENTED_EDGE('',*,*,#3239,.F.);
#3239 = EDGE_CURVE('',#3225,#2885,#3240,.T.);
#3240 = LINE('',#3241,#3242);
#3241 = CARTESIAN_POINT('',(28.37,49.27,8.));
#3242 = VECTOR('',#3243,1.);
#3243 = DIRECTION('',(0.,0.,1.));
#3244 = PLANE('',#3245);
#3245 = AXIS2_PLACEMENT_3D('',#3246,#3247,#3248);
#3246 = CARTESIAN_POINT('',(28.37,-49.13,8.));
#3247 = DIRECTION('',(-1.,0.,0.));
#3248 = DIRECTION('',(0.,1.,0.));
#3249 = ADVANCED_FACE('',(#3250),#3268,.T.);
#3250 = FACE_BOUND('',#3251,.T.);
#3251 = EDGE_LOOP('',(#3252,#3260,#3266,#3267));
#3252 = ORIENTED_EDGE('',*,*,#3253,.F.);
#3253 = EDGE_CURVE('',#3254,#3223,#3256,.T.);
#3254 = VERTEX_POINT('',#3255);
#3255 = CARTESIAN_POINT('',(-28.37,-49.13,8.1));
#3256 = LINE('',#3257,#3258);
#3257 = CARTESIAN_POINT('',(-14.185,-49.13,8.1));
#3258 = VECTOR('',#3259,1.);
#3259 = DIRECTION('',(1.,0.,0.));
#3260 = ORIENTED_EDGE('',*,*,#3261,.T.);
#3261 = EDGE_CURVE('',#3254,#2901,#3262,.T.);
#3262 = LINE('',#3263,#3264);
#3263 = CARTESIAN_POINT('',(-28.37,-49.13,8.));
#3264 = VECTOR('',#3265,1.);
#3265 = DIRECTION('',(0.,0.,1.));
#3266 = ORIENTED_EDGE('',*,*,#2908,.T.);
#3267 = ORIENTED_EDGE('',*,*,#3232,.F.);
#3268 = PLANE('',#3269);
#3269 = AXIS2_PLACEMENT_3D('',#3270,#3271,#3272);
#3270 = CARTESIAN_POINT('',(-28.37,-49.13,8.));
#3271 = DIRECTION('',(0.,1.,0.));
#3272 = DIRECTION('',(1.,0.,0.));
#3273 = ADVANCED_FACE('',(#3274),#3292,.T.);
#3274 = FACE_BOUND('',#3275,.T.);
#3275 = EDGE_LOOP('',(#3276,#3284,#3285,#3286));
#3276 = ORIENTED_EDGE('',*,*,#3277,.F.);
#3277 = EDGE_CURVE('',#3225,#3278,#3280,.T.);
#3278 = VERTEX_POINT('',#3279);
#3279 = CARTESIAN_POINT('',(-28.37,49.27,8.1));
#3280 = LINE('',#3281,#3282);
#3281 = CARTESIAN_POINT('',(14.185,49.27,8.1));
#3282 = VECTOR('',#3283,1.);
#3283 = DIRECTION('',(-1.,0.,0.));
#3284 = ORIENTED_EDGE('',*,*,#3239,.T.);
#3285 = ORIENTED_EDGE('',*,*,#2892,.T.);
#3286 = ORIENTED_EDGE('',*,*,#3287,.F.);
#3287 = EDGE_CURVE('',#3278,#2893,#3288,.T.);
#3288 = LINE('',#3289,#3290);
#3289 = CARTESIAN_POINT('',(-28.37,49.27,8.));
#3290 = VECTOR('',#3291,1.);
#3291 = DIRECTION('',(0.,0.,1.));
#3292 = PLANE('',#3293);
#3293 = AXIS2_PLACEMENT_3D('',#3294,#3295,#3296);
#3294 = CARTESIAN_POINT('',(28.37,49.27,8.));
#3295 = DIRECTION('',(0.,-1.,0.));
#3296 = DIRECTION('',(-1.,0.,0.));
#3297 = ADVANCED_FACE('',(#3298),#3309,.T.);
#3298 = FACE_BOUND('',#3299,.T.);
#3299 = EDGE_LOOP('',(#3300,#3306,#3307,#3308));
#3300 = ORIENTED_EDGE('',*,*,#3301,.F.);
#3301 = EDGE_CURVE('',#3278,#3254,#3302,.T.);
#3302 = LINE('',#3303,#3304);
#3303 = CARTESIAN_POINT('',(-28.37,24.635,8.1));
#3304 = VECTOR('',#3305,1.);
#3305 = DIRECTION('',(0.,-1.,0.));
#3306 = ORIENTED_EDGE('',*,*,#3287,.T.);
#3307 = ORIENTED_EDGE('',*,*,#2900,.T.);
#3308 = ORIENTED_EDGE('',*,*,#3261,.F.);
#3309 = PLANE('',#3310);
#3310 = AXIS2_PLACEMENT_3D('',#3311,#3312,#3313);
#3311 = CARTESIAN_POINT('',(-28.37,49.27,8.));
#3312 = DIRECTION('',(1.,0.,0.));
#3313 = DIRECTION('',(0.,-1.,0.));
#3314 = ADVANCED_FACE('',(#3315),#3346,.F.);
#3315 = FACE_BOUND('',#3316,.F.);
#3316 = EDGE_LOOP('',(#3317,#3318,#3326,#3334,#3340,#3341,#3342,#3343,
    #3344,#3345));
#3317 = ORIENTED_EDGE('',*,*,#3046,.F.);
#3318 = ORIENTED_EDGE('',*,*,#3319,.T.);
#3319 = EDGE_CURVE('',#3038,#3320,#3322,.T.);
#3320 = VERTEX_POINT('',#3321);
#3321 = CARTESIAN_POINT('',(29.9,50.9,8.1));
#3322 = LINE('',#3323,#3324);
#3323 = CARTESIAN_POINT('',(29.9,50.9,5.));
#3324 = VECTOR('',#3325,1.);
#3325 = DIRECTION('',(0.,0.,1.));
#3326 = ORIENTED_EDGE('',*,*,#3327,.T.);
#3327 = EDGE_CURVE('',#3320,#3328,#3330,.T.);
#3328 = VERTEX_POINT('',#3329);
#3329 = CARTESIAN_POINT('',(29.9,-50.9,8.1));
#3330 = LINE('',#3331,#3332);
#3331 = CARTESIAN_POINT('',(29.9,50.9,8.1));
#3332 = VECTOR('',#3333,1.);
#3333 = DIRECTION('',(0.,-1.,0.));
#3334 = ORIENTED_EDGE('',*,*,#3335,.F.);
#3335 = EDGE_CURVE('',#2979,#3328,#3336,.T.);
#3336 = LINE('',#3337,#3338);
#3337 = CARTESIAN_POINT('',(29.9,-50.9,5.));
#3338 = VECTOR('',#3339,1.);
#3339 = DIRECTION('',(0.,0.,1.));
#3340 = ORIENTED_EDGE('',*,*,#2978,.F.);
#3341 = ORIENTED_EDGE('',*,*,#3195,.F.);
#3342 = ORIENTED_EDGE('',*,*,#3170,.F.);
#3343 = ORIENTED_EDGE('',*,*,#3146,.F.);
#3344 = ORIENTED_EDGE('',*,*,#3121,.F.);
#3345 = ORIENTED_EDGE('',*,*,#3097,.F.);
#3346 = PLANE('',#3347);
#3347 = AXIS2_PLACEMENT_3D('',#3348,#3349,#3350);
#3348 = CARTESIAN_POINT('',(29.9,50.9,5.));
#3349 = DIRECTION('',(1.,0.,0.));
#3350 = DIRECTION('',(0.,-1.,0.));
#3351 = ADVANCED_FACE('',(#3352),#3371,.F.);
#3352 = FACE_BOUND('',#3353,.F.);
#3353 = EDGE_LOOP('',(#3354,#3362,#3369,#3370));
#3354 = ORIENTED_EDGE('',*,*,#3355,.T.);
#3355 = EDGE_CURVE('',#3030,#3356,#3358,.T.);
#3356 = VERTEX_POINT('',#3357);
#3357 = CARTESIAN_POINT('',(28.9,51.9,8.1));
#3358 = LINE('',#3359,#3360);
#3359 = CARTESIAN_POINT('',(28.9,51.9,5.));
#3360 = VECTOR('',#3361,1.);
#3361 = DIRECTION('',(0.,0.,1.));
#3362 = ORIENTED_EDGE('',*,*,#3363,.T.);
#3363 = EDGE_CURVE('',#3356,#3320,#3364,.T.);
#3364 = CIRCLE('',#3365,1.);
#3365 = AXIS2_PLACEMENT_3D('',#3366,#3367,#3368);
#3366 = CARTESIAN_POINT('',(28.9,50.9,8.1));
#3367 = DIRECTION('',(0.,0.,-1.));
#3368 = DIRECTION('',(1.,0.,0.));
#3369 = ORIENTED_EDGE('',*,*,#3319,.F.);
#3370 = ORIENTED_EDGE('',*,*,#3037,.F.);
#3371 = CYLINDRICAL_SURFACE('',#3372,1.);
#3372 = AXIS2_PLACEMENT_3D('',#3373,#3374,#3375);
#3373 = CARTESIAN_POINT('',(28.9,50.9,5.));
#3374 = DIRECTION('',(0.,0.,-1.));
#3375 = DIRECTION('',(1.,0.,0.));
#3376 = ADVANCED_FACE('',(#3377),#3395,.F.);
#3377 = FACE_BOUND('',#3378,.F.);
#3378 = EDGE_LOOP('',(#3379,#3387,#3393,#3394));
#3379 = ORIENTED_EDGE('',*,*,#3380,.T.);
#3380 = EDGE_CURVE('',#3021,#3381,#3383,.T.);
#3381 = VERTEX_POINT('',#3382);
#3382 = CARTESIAN_POINT('',(-28.9,51.9,8.1));
#3383 = LINE('',#3384,#3385);
#3384 = CARTESIAN_POINT('',(-28.9,51.9,5.));
#3385 = VECTOR('',#3386,1.);
#3386 = DIRECTION('',(0.,0.,1.));
#3387 = ORIENTED_EDGE('',*,*,#3388,.T.);
#3388 = EDGE_CURVE('',#3381,#3356,#3389,.T.);
#3389 = LINE('',#3390,#3391);
#3390 = CARTESIAN_POINT('',(-28.9,51.9,8.1));
#3391 = VECTOR('',#3392,1.);
#3392 = DIRECTION('',(1.,0.,0.));
#3393 = ORIENTED_EDGE('',*,*,#3355,.F.);
#3394 = ORIENTED_EDGE('',*,*,#3029,.F.);
#3395 = PLANE('',#3396);
#3396 = AXIS2_PLACEMENT_3D('',#3397,#3398,#3399);
#3397 = CARTESIAN_POINT('',(-28.9,51.9,5.));
#3398 = DIRECTION('',(0.,1.,0.));
#3399 = DIRECTION('',(1.,0.,0.));
#3400 = ADVANCED_FACE('',(#3401),#3420,.F.);
#3401 = FACE_BOUND('',#3402,.F.);
#3402 = EDGE_LOOP('',(#3403,#3411,#3418,#3419));
#3403 = ORIENTED_EDGE('',*,*,#3404,.T.);
#3404 = EDGE_CURVE('',#3013,#3405,#3407,.T.);
#3405 = VERTEX_POINT('',#3406);
#3406 = CARTESIAN_POINT('',(-29.9,50.9,8.1));
#3407 = LINE('',#3408,#3409);
#3408 = CARTESIAN_POINT('',(-29.9,50.9,5.));
#3409 = VECTOR('',#3410,1.);
#3410 = DIRECTION('',(0.,0.,1.));
#3411 = ORIENTED_EDGE('',*,*,#3412,.T.);
#3412 = EDGE_CURVE('',#3405,#3381,#3413,.T.);
#3413 = CIRCLE('',#3414,1.);
#3414 = AXIS2_PLACEMENT_3D('',#3415,#3416,#3417);
#3415 = CARTESIAN_POINT('',(-28.9,50.9,8.1));
#3416 = DIRECTION('',(0.,0.,-1.));
#3417 = DIRECTION('',(1.,0.,0.));
#3418 = ORIENTED_EDGE('',*,*,#3380,.F.);
#3419 = ORIENTED_EDGE('',*,*,#3020,.F.);
#3420 = CYLINDRICAL_SURFACE('',#3421,1.);
#3421 = AXIS2_PLACEMENT_3D('',#3422,#3423,#3424);
#3422 = CARTESIAN_POINT('',(-28.9,50.9,5.));
#3423 = DIRECTION('',(0.,0.,-1.));
#3424 = DIRECTION('',(1.,0.,0.));
#3425 = ADVANCED_FACE('',(#3426),#3444,.F.);
#3426 = FACE_BOUND('',#3427,.F.);
#3427 = EDGE_LOOP('',(#3428,#3436,#3442,#3443));
#3428 = ORIENTED_EDGE('',*,*,#3429,.T.);
#3429 = EDGE_CURVE('',#3004,#3430,#3432,.T.);
#3430 = VERTEX_POINT('',#3431);
#3431 = CARTESIAN_POINT('',(-29.9,-50.9,8.1));
#3432 = LINE('',#3433,#3434);
#3433 = CARTESIAN_POINT('',(-29.9,-50.9,5.));
#3434 = VECTOR('',#3435,1.);
#3435 = DIRECTION('',(0.,0.,1.));
#3436 = ORIENTED_EDGE('',*,*,#3437,.T.);
#3437 = EDGE_CURVE('',#3430,#3405,#3438,.T.);
#3438 = LINE('',#3439,#3440);
#3439 = CARTESIAN_POINT('',(-29.9,-50.9,8.1));
#3440 = VECTOR('',#3441,1.);
#3441 = DIRECTION('',(0.,1.,0.));
#3442 = ORIENTED_EDGE('',*,*,#3404,.F.);
#3443 = ORIENTED_EDGE('',*,*,#3012,.F.);
#3444 = PLANE('',#3445);
#3445 = AXIS2_PLACEMENT_3D('',#3446,#3447,#3448);
#3446 = CARTESIAN_POINT('',(-29.9,-50.9,5.));
#3447 = DIRECTION('',(-1.,0.,0.));
#3448 = DIRECTION('',(0.,1.,0.));
#3449 = ADVANCED_FACE('',(#3450),#3469,.F.);
#3450 = FACE_BOUND('',#3451,.F.);
#3451 = EDGE_LOOP('',(#3452,#3460,#3467,#3468));
#3452 = ORIENTED_EDGE('',*,*,#3453,.T.);
#3453 = EDGE_CURVE('',#2996,#3454,#3456,.T.);
#3454 = VERTEX_POINT('',#3455);
#3455 = CARTESIAN_POINT('',(-28.9,-51.9,8.1));
#3456 = LINE('',#3457,#3458);
#3457 = CARTESIAN_POINT('',(-28.9,-51.9,5.));
#3458 = VECTOR('',#3459,1.);
#3459 = DIRECTION('',(0.,0.,1.));
#3460 = ORIENTED_EDGE('',*,*,#3461,.T.);
#3461 = EDGE_CURVE('',#3454,#3430,#3462,.T.);
#3462 = CIRCLE('',#3463,1.);
#3463 = AXIS2_PLACEMENT_3D('',#3464,#3465,#3466);
#3464 = CARTESIAN_POINT('',(-28.9,-50.9,8.1));
#3465 = DIRECTION('',(0.,0.,-1.));
#3466 = DIRECTION('',(1.,0.,0.));
#3467 = ORIENTED_EDGE('',*,*,#3429,.F.);
#3468 = ORIENTED_EDGE('',*,*,#3003,.F.);
#3469 = CYLINDRICAL_SURFACE('',#3470,1.);
#3470 = AXIS2_PLACEMENT_3D('',#3471,#3472,#3473);
#3471 = CARTESIAN_POINT('',(-28.9,-50.9,5.));
#3472 = DIRECTION('',(0.,0.,-1.));
#3473 = DIRECTION('',(1.,0.,0.));
#3474 = ADVANCED_FACE('',(#3475),#3493,.F.);
#3475 = FACE_BOUND('',#3476,.F.);
#3476 = EDGE_LOOP('',(#3477,#3485,#3491,#3492));
#3477 = ORIENTED_EDGE('',*,*,#3478,.T.);
#3478 = EDGE_CURVE('',#2987,#3479,#3481,.T.);
#3479 = VERTEX_POINT('',#3480);
#3480 = CARTESIAN_POINT('',(28.9,-51.9,8.1));
#3481 = LINE('',#3482,#3483);
#3482 = CARTESIAN_POINT('',(28.9,-51.9,5.));
#3483 = VECTOR('',#3484,1.);
#3484 = DIRECTION('',(0.,0.,1.));
#3485 = ORIENTED_EDGE('',*,*,#3486,.T.);
#3486 = EDGE_CURVE('',#3479,#3454,#3487,.T.);
#3487 = LINE('',#3488,#3489);
#3488 = CARTESIAN_POINT('',(28.9,-51.9,8.1));
#3489 = VECTOR('',#3490,1.);
#3490 = DIRECTION('',(-1.,0.,0.));
#3491 = ORIENTED_EDGE('',*,*,#3453,.F.);
#3492 = ORIENTED_EDGE('',*,*,#2995,.F.);
#3493 = PLANE('',#3494);
#3494 = AXIS2_PLACEMENT_3D('',#3495,#3496,#3497);
#3495 = CARTESIAN_POINT('',(28.9,-51.9,5.));
#3496 = DIRECTION('',(0.,-1.,0.));
#3497 = DIRECTION('',(-1.,0.,0.));
#3498 = ADVANCED_FACE('',(#3499),#3511,.F.);
#3499 = FACE_BOUND('',#3500,.F.);
#3500 = EDGE_LOOP('',(#3501,#3502,#3509,#3510));
#3501 = ORIENTED_EDGE('',*,*,#3335,.T.);
#3502 = ORIENTED_EDGE('',*,*,#3503,.T.);
#3503 = EDGE_CURVE('',#3328,#3479,#3504,.T.);
#3504 = CIRCLE('',#3505,1.);
#3505 = AXIS2_PLACEMENT_3D('',#3506,#3507,#3508);
#3506 = CARTESIAN_POINT('',(28.9,-50.9,8.1));
#3507 = DIRECTION('',(0.,0.,-1.));
#3508 = DIRECTION('',(1.,0.,0.));
#3509 = ORIENTED_EDGE('',*,*,#3478,.F.);
#3510 = ORIENTED_EDGE('',*,*,#2986,.F.);
#3511 = CYLINDRICAL_SURFACE('',#3512,1.);
#3512 = AXIS2_PLACEMENT_3D('',#3513,#3514,#3515);
#3513 = CARTESIAN_POINT('',(28.9,-50.9,5.));
#3514 = DIRECTION('',(0.,0.,-1.));
#3515 = DIRECTION('',(1.,0.,0.));
#3516 = ADVANCED_FACE('',(#3517,#3527),#3533,.F.);
#3517 = FACE_BOUND('',#3518,.F.);
#3518 = EDGE_LOOP('',(#3519,#3520,#3521,#3522,#3523,#3524,#3525,#3526));
#3519 = ORIENTED_EDGE('',*,*,#3437,.F.);
#3520 = ORIENTED_EDGE('',*,*,#3461,.F.);
#3521 = ORIENTED_EDGE('',*,*,#3486,.F.);
#3522 = ORIENTED_EDGE('',*,*,#3503,.F.);
#3523 = ORIENTED_EDGE('',*,*,#3327,.F.);
#3524 = ORIENTED_EDGE('',*,*,#3363,.F.);
#3525 = ORIENTED_EDGE('',*,*,#3388,.F.);
#3526 = ORIENTED_EDGE('',*,*,#3412,.F.);
#3527 = FACE_BOUND('',#3528,.F.);
#3528 = EDGE_LOOP('',(#3529,#3530,#3531,#3532));
#3529 = ORIENTED_EDGE('',*,*,#3222,.F.);
#3530 = ORIENTED_EDGE('',*,*,#3253,.F.);
#3531 = ORIENTED_EDGE('',*,*,#3301,.F.);
#3532 = ORIENTED_EDGE('',*,*,#3277,.F.);
#3533 = PLANE('',#3534);
#3534 = AXIS2_PLACEMENT_3D('',#3535,#3536,#3537);
#3535 = CARTESIAN_POINT('',(1.19E-15,2.9E-16,8.1));
#3536 = DIRECTION('',(0.,0.,1.));
#3537 = DIRECTION('',(1.,0.,0.));
#3538 = ( GEOMETRIC_REPRESENTATION_CONTEXT(3) 
GLOBAL_UNCERTAINTY_ASSIGNED_CONTEXT((#3542)) 
GLOBAL_UNIT_ASSIGNED_CONTEXT((#3539,#3540,#3541)) REPRESENTATION_CONTEXT
('Context #1','3D Context with UNIT and UNCERTAINTY') );
#3539 = ( LENGTH_UNIT() NAMED_UNIT(*) SI_UNIT(.MILLI.,.METRE.) );
#3540 = ( NAMED_UNIT(*) PLANE_ANGLE_UNIT() SI_UNIT($,.RADIAN.) );
#3541 = ( NAMED_UNIT(*) SI_UNIT($,.STERADIAN.) SOLID_ANGLE_UNIT() );
#3542 = UNCERTAINTY_MEASURE_WITH_UNIT(LENGTH_MEASURE(1.E-05),#3539,
  'distance_accuracy_value','confusion accuracy');
#3543 = CONTEXT_DEPENDENT_SHAPE_REPRESENTATION(#3544,#3546);
#3544 = ( REPRESENTATION_RELATIONSHIP('','',#2231,#10) 
REPRESENTATION_RELATIONSHIP_WITH_TRANSFORMATION(#3545) 
SHAPE_REPRESENTATION_RELATIONSHIP() );
#3545 = ITEM_DEFINED_TRANSFORMATION('','',#11,#19);
#3546 = PRODUCT_DEFINITION_SHAPE('Placement','Placement of an item',
  #3547);
#3547 = NEXT_ASSEMBLY_USAGE_OCCURRENCE('2','Body004','',#5,#2226,$);
#3548 = PRODUCT_RELATED_PRODUCT_CATEGORY('part',$,(#2228));
#3549 = SHAPE_DEFINITION_REPRESENTATION(#3550,#3556);
#3550 = PRODUCT_DEFINITION_SHAPE('','',#3551);
#3551 = PRODUCT_DEFINITION('design','',#3552,#3555);
#3552 = PRODUCT_DEFINITION_FORMATION('','',#3553);
#3553 = PRODUCT('ButtonCap','ButtonCap','',(#3554));
#3554 = PRODUCT_CONTEXT('',#2,'mechanical');
#3555 = PRODUCT_DEFINITION_CONTEXT('part definition',#2,'design');
#3556 = ADVANCED_BREP_SHAPE_REPRESENTATION('',(#11,#3557),#4233);
#3557 = MANIFOLD_SOLID_BREP('',#3558);
#3558 = CLOSED_SHELL('',(#3559,#3599,#3632,#3665,#3784,#3835,#3875,#3892
    ,#3925,#3949,#3974,#3998,#4023,#4047,#4073,#4090,#4107,#4119,#4150,
    #4174,#4198,#4215));
#3559 = ADVANCED_FACE('',(#3560),#3594,.T.);
#3560 = FACE_BOUND('',#3561,.T.);
#3561 = EDGE_LOOP('',(#3562,#3572,#3580,#3588));
#3562 = ORIENTED_EDGE('',*,*,#3563,.T.);
#3563 = EDGE_CURVE('',#3564,#3566,#3568,.T.);
#3564 = VERTEX_POINT('',#3565);
#3565 = CARTESIAN_POINT('',(-30.,34.7,2.75));
#3566 = VERTEX_POINT('',#3567);
#3567 = CARTESIAN_POINT('',(-33.5,34.7,2.75));
#3568 = LINE('',#3569,#3570);
#3569 = CARTESIAN_POINT('',(-30.,34.7,2.75));
#3570 = VECTOR('',#3571,1.);
#3571 = DIRECTION('',(-1.,-0.,-0.));
#3572 = ORIENTED_EDGE('',*,*,#3573,.T.);
#3573 = EDGE_CURVE('',#3566,#3574,#3576,.T.);
#3574 = VERTEX_POINT('',#3575);
#3575 = CARTESIAN_POINT('',(-33.5,34.7,1.25));
#3576 = LINE('',#3577,#3578);
#3577 = CARTESIAN_POINT('',(-33.5,34.7,2.75));
#3578 = VECTOR('',#3579,1.);
#3579 = DIRECTION('',(0.,0.,-1.));
#3580 = ORIENTED_EDGE('',*,*,#3581,.F.);
#3581 = EDGE_CURVE('',#3582,#3574,#3584,.T.);
#3582 = VERTEX_POINT('',#3583);
#3583 = CARTESIAN_POINT('',(-30.,34.7,1.25));
#3584 = LINE('',#3585,#3586);
#3585 = CARTESIAN_POINT('',(-30.,34.7,1.25));
#3586 = VECTOR('',#3587,1.);
#3587 = DIRECTION('',(-1.,-0.,-0.));
#3588 = ORIENTED_EDGE('',*,*,#3589,.F.);
#3589 = EDGE_CURVE('',#3564,#3582,#3590,.T.);
#3590 = LINE('',#3591,#3592);
#3591 = CARTESIAN_POINT('',(-30.,34.7,2.75));
#3592 = VECTOR('',#3593,1.);
#3593 = DIRECTION('',(0.,0.,-1.));
#3594 = PLANE('',#3595);
#3595 = AXIS2_PLACEMENT_3D('',#3596,#3597,#3598);
#3596 = CARTESIAN_POINT('',(-30.,34.7,2.75));
#3597 = DIRECTION('',(0.,-1.,0.));
#3598 = DIRECTION('',(0.,0.,-1.));
#3599 = ADVANCED_FACE('',(#3600),#3627,.T.);
#3600 = FACE_BOUND('',#3601,.T.);
#3601 = EDGE_LOOP('',(#3602,#3612,#3619,#3620));
#3602 = ORIENTED_EDGE('',*,*,#3603,.T.);
#3603 = EDGE_CURVE('',#3604,#3606,#3608,.T.);
#3604 = VERTEX_POINT('',#3605);
#3605 = CARTESIAN_POINT('',(-30.,35.2,3.25));
#3606 = VERTEX_POINT('',#3607);
#3607 = CARTESIAN_POINT('',(-33.5,35.2,3.25));
#3608 = LINE('',#3609,#3610);
#3609 = CARTESIAN_POINT('',(-30.,35.2,3.25));
#3610 = VECTOR('',#3611,1.);
#3611 = DIRECTION('',(-1.,-0.,-0.));
#3612 = ORIENTED_EDGE('',*,*,#3613,.T.);
#3613 = EDGE_CURVE('',#3606,#3566,#3614,.T.);
#3614 = CIRCLE('',#3615,0.5);
#3615 = AXIS2_PLACEMENT_3D('',#3616,#3617,#3618);
#3616 = CARTESIAN_POINT('',(-33.5,35.2,2.75));
#3617 = DIRECTION('',(1.,0.,0.));
#3618 = DIRECTION('',(0.,1.,0.));
#3619 = ORIENTED_EDGE('',*,*,#3563,.F.);
#3620 = ORIENTED_EDGE('',*,*,#3621,.F.);
#3621 = EDGE_CURVE('',#3604,#3564,#3622,.T.);
#3622 = CIRCLE('',#3623,0.5);
#3623 = AXIS2_PLACEMENT_3D('',#3624,#3625,#3626);
#3624 = CARTESIAN_POINT('',(-30.,35.2,2.75));
#3625 = DIRECTION('',(1.,0.,0.));
#3626 = DIRECTION('',(0.,1.,0.));
#3627 = CYLINDRICAL_SURFACE('',#3628,0.5);
#3628 = AXIS2_PLACEMENT_3D('',#3629,#3630,#3631);
#3629 = CARTESIAN_POINT('',(-30.,35.2,2.75));
#3630 = DIRECTION('',(1.,0.,0.));
#3631 = DIRECTION('',(0.,1.,0.));
#3632 = ADVANCED_FACE('',(#3633),#3660,.T.);
#3633 = FACE_BOUND('',#3634,.T.);
#3634 = EDGE_LOOP('',(#3635,#3636,#3645,#3653));
#3635 = ORIENTED_EDGE('',*,*,#3581,.T.);
#3636 = ORIENTED_EDGE('',*,*,#3637,.T.);
#3637 = EDGE_CURVE('',#3574,#3638,#3640,.T.);
#3638 = VERTEX_POINT('',#3639);
#3639 = CARTESIAN_POINT('',(-33.5,35.2,0.75));
#3640 = CIRCLE('',#3641,0.5);
#3641 = AXIS2_PLACEMENT_3D('',#3642,#3643,#3644);
#3642 = CARTESIAN_POINT('',(-33.5,35.2,1.25));
#3643 = DIRECTION('',(1.,0.,0.));
#3644 = DIRECTION('',(0.,1.,0.));
#3645 = ORIENTED_EDGE('',*,*,#3646,.F.);
#3646 = EDGE_CURVE('',#3647,#3638,#3649,.T.);
#3647 = VERTEX_POINT('',#3648);
#3648 = CARTESIAN_POINT('',(-30.,35.2,0.75));
#3649 = LINE('',#3650,#3651);
#3650 = CARTESIAN_POINT('',(-30.,35.2,0.75));
#3651 = VECTOR('',#3652,1.);
#3652 = DIRECTION('',(-1.,-0.,-0.));
#3653 = ORIENTED_EDGE('',*,*,#3654,.F.);
#3654 = EDGE_CURVE('',#3582,#3647,#3655,.T.);
#3655 = CIRCLE('',#3656,0.5);
#3656 = AXIS2_PLACEMENT_3D('',#3657,#3658,#3659);
#3657 = CARTESIAN_POINT('',(-30.,35.2,1.25));
#3658 = DIRECTION('',(1.,0.,0.));
#3659 = DIRECTION('',(0.,1.,0.));
#3660 = CYLINDRICAL_SURFACE('',#3661,0.5);
#3661 = AXIS2_PLACEMENT_3D('',#3662,#3663,#3664);
#3662 = CARTESIAN_POINT('',(-30.,35.2,1.25));
#3663 = DIRECTION('',(1.,0.,0.));
#3664 = DIRECTION('',(0.,1.,0.));
#3665 = ADVANCED_FACE('',(#3666),#3779,.T.);
#3666 = FACE_BOUND('',#3667,.T.);
#3667 = EDGE_LOOP('',(#3668,#3669,#3670,#3671,#3679,#3688,#3696,#3705,
    #3713,#3722,#3730,#3739,#3747,#3756,#3764,#3773));
#3668 = ORIENTED_EDGE('',*,*,#3621,.T.);
#3669 = ORIENTED_EDGE('',*,*,#3589,.T.);
#3670 = ORIENTED_EDGE('',*,*,#3654,.T.);
#3671 = ORIENTED_EDGE('',*,*,#3672,.T.);
#3672 = EDGE_CURVE('',#3647,#3673,#3675,.T.);
#3673 = VERTEX_POINT('',#3674);
#3674 = CARTESIAN_POINT('',(-30.,42.2,0.75));
#3675 = LINE('',#3676,#3677);
#3676 = CARTESIAN_POINT('',(-30.,35.2,0.75));
#3677 = VECTOR('',#3678,1.);
#3678 = DIRECTION('',(0.,1.,0.));
#3679 = ORIENTED_EDGE('',*,*,#3680,.T.);
#3680 = EDGE_CURVE('',#3673,#3681,#3683,.T.);
#3681 = VERTEX_POINT('',#3682);
#3682 = CARTESIAN_POINT('',(-30.,42.7,1.25));
#3683 = CIRCLE('',#3684,0.5);
#3684 = AXIS2_PLACEMENT_3D('',#3685,#3686,#3687);
#3685 = CARTESIAN_POINT('',(-30.,42.2,1.25));
#3686 = DIRECTION('',(1.,0.,0.));
#3687 = DIRECTION('',(0.,1.,0.));
#3688 = ORIENTED_EDGE('',*,*,#3689,.T.);
#3689 = EDGE_CURVE('',#3681,#3690,#3692,.T.);
#3690 = VERTEX_POINT('',#3691);
#3691 = CARTESIAN_POINT('',(-30.,42.7,2.75));
#3692 = LINE('',#3693,#3694);
#3693 = CARTESIAN_POINT('',(-30.,42.7,1.25));
#3694 = VECTOR('',#3695,1.);
#3695 = DIRECTION('',(0.,0.,1.));
#3696 = ORIENTED_EDGE('',*,*,#3697,.T.);
#3697 = EDGE_CURVE('',#3690,#3698,#3700,.T.);
#3698 = VERTEX_POINT('',#3699);
#3699 = CARTESIAN_POINT('',(-30.,42.2,3.25));
#3700 = CIRCLE('',#3701,0.5);
#3701 = AXIS2_PLACEMENT_3D('',#3702,#3703,#3704);
#3702 = CARTESIAN_POINT('',(-30.,42.2,2.75));
#3703 = DIRECTION('',(1.,0.,0.));
#3704 = DIRECTION('',(0.,1.,0.));
#3705 = ORIENTED_EDGE('',*,*,#3706,.T.);
#3706 = EDGE_CURVE('',#3698,#3707,#3709,.T.);
#3707 = VERTEX_POINT('',#3708);
#3708 = CARTESIAN_POINT('',(-30.,40.1,3.25));
#3709 = LINE('',#3710,#3711);
#3710 = CARTESIAN_POINT('',(-30.,42.2,3.25));
#3711 = VECTOR('',#3712,1.);
#3712 = DIRECTION('',(0.,-1.,0.));
#3713 = ORIENTED_EDGE('',*,*,#3714,.F.);
#3714 = EDGE_CURVE('',#3715,#3707,#3717,.T.);
#3715 = VERTEX_POINT('',#3716);
#3716 = CARTESIAN_POINT('',(-30.,40.4,2.95));
#3717 = CIRCLE('',#3718,0.3);
#3718 = AXIS2_PLACEMENT_3D('',#3719,#3720,#3721);
#3719 = CARTESIAN_POINT('',(-30.,40.1,2.95));
#3720 = DIRECTION('',(1.,0.,0.));
#3721 = DIRECTION('',(0.,1.,0.));
#3722 = ORIENTED_EDGE('',*,*,#3723,.F.);
#3723 = EDGE_CURVE('',#3724,#3715,#3726,.T.);
#3724 = VERTEX_POINT('',#3725);
#3725 = CARTESIAN_POINT('',(-30.,40.4,2.05));
#3726 = LINE('',#3727,#3728);
#3727 = CARTESIAN_POINT('',(-30.,40.4,2.05));
#3728 = VECTOR('',#3729,1.);
#3729 = DIRECTION('',(0.,0.,1.));
#3730 = ORIENTED_EDGE('',*,*,#3731,.F.);
#3731 = EDGE_CURVE('',#3732,#3724,#3734,.T.);
#3732 = VERTEX_POINT('',#3733);
#3733 = CARTESIAN_POINT('',(-30.,40.1,1.75));
#3734 = CIRCLE('',#3735,0.3);
#3735 = AXIS2_PLACEMENT_3D('',#3736,#3737,#3738);
#3736 = CARTESIAN_POINT('',(-30.,40.1,2.05));
#3737 = DIRECTION('',(1.,0.,0.));
#3738 = DIRECTION('',(0.,1.,0.));
#3739 = ORIENTED_EDGE('',*,*,#3740,.F.);
#3740 = EDGE_CURVE('',#3741,#3732,#3743,.T.);
#3741 = VERTEX_POINT('',#3742);
#3742 = CARTESIAN_POINT('',(-30.,37.3,1.75));
#3743 = LINE('',#3744,#3745);
#3744 = CARTESIAN_POINT('',(-30.,37.3,1.75));
#3745 = VECTOR('',#3746,1.);
#3746 = DIRECTION('',(0.,1.,0.));
#3747 = ORIENTED_EDGE('',*,*,#3748,.F.);
#3748 = EDGE_CURVE('',#3749,#3741,#3751,.T.);
#3749 = VERTEX_POINT('',#3750);
#3750 = CARTESIAN_POINT('',(-30.,37.,2.05));
#3751 = CIRCLE('',#3752,0.3);
#3752 = AXIS2_PLACEMENT_3D('',#3753,#3754,#3755);
#3753 = CARTESIAN_POINT('',(-30.,37.3,2.05));
#3754 = DIRECTION('',(1.,0.,0.));
#3755 = DIRECTION('',(0.,1.,0.));
#3756 = ORIENTED_EDGE('',*,*,#3757,.F.);
#3757 = EDGE_CURVE('',#3758,#3749,#3760,.T.);
#3758 = VERTEX_POINT('',#3759);
#3759 = CARTESIAN_POINT('',(-30.,37.,2.95));
#3760 = LINE('',#3761,#3762);
#3761 = CARTESIAN_POINT('',(-30.,37.,2.95));
#3762 = VECTOR('',#3763,1.);
#3763 = DIRECTION('',(0.,0.,-1.));
#3764 = ORIENTED_EDGE('',*,*,#3765,.F.);
#3765 = EDGE_CURVE('',#3766,#3758,#3768,.T.);
#3766 = VERTEX_POINT('',#3767);
#3767 = CARTESIAN_POINT('',(-30.,37.3,3.25));
#3768 = CIRCLE('',#3769,0.3);
#3769 = AXIS2_PLACEMENT_3D('',#3770,#3771,#3772);
#3770 = CARTESIAN_POINT('',(-30.,37.3,2.95));
#3771 = DIRECTION('',(1.,0.,0.));
#3772 = DIRECTION('',(0.,1.,0.));
#3773 = ORIENTED_EDGE('',*,*,#3774,.T.);
#3774 = EDGE_CURVE('',#3766,#3604,#3775,.T.);
#3775 = LINE('',#3776,#3777);
#3776 = CARTESIAN_POINT('',(-30.,42.2,3.25));
#3777 = VECTOR('',#3778,1.);
#3778 = DIRECTION('',(0.,-1.,0.));
#3779 = PLANE('',#3780);
#3780 = AXIS2_PLACEMENT_3D('',#3781,#3782,#3783);
#3781 = CARTESIAN_POINT('',(-30.,38.7,2.));
#3782 = DIRECTION('',(1.,0.,0.));
#3783 = DIRECTION('',(0.,0.,1.));
#3784 = ADVANCED_FACE('',(#3785),#3830,.F.);
#3785 = FACE_BOUND('',#3786,.F.);
#3786 = EDGE_LOOP('',(#3787,#3788,#3789,#3797,#3806,#3814,#3823,#3829));
#3787 = ORIENTED_EDGE('',*,*,#3573,.T.);
#3788 = ORIENTED_EDGE('',*,*,#3637,.T.);
#3789 = ORIENTED_EDGE('',*,*,#3790,.T.);
#3790 = EDGE_CURVE('',#3638,#3791,#3793,.T.);
#3791 = VERTEX_POINT('',#3792);
#3792 = CARTESIAN_POINT('',(-33.5,42.2,0.75));
#3793 = LINE('',#3794,#3795);
#3794 = CARTESIAN_POINT('',(-33.5,35.2,0.75));
#3795 = VECTOR('',#3796,1.);
#3796 = DIRECTION('',(0.,1.,0.));
#3797 = ORIENTED_EDGE('',*,*,#3798,.T.);
#3798 = EDGE_CURVE('',#3791,#3799,#3801,.T.);
#3799 = VERTEX_POINT('',#3800);
#3800 = CARTESIAN_POINT('',(-33.5,42.7,1.25));
#3801 = CIRCLE('',#3802,0.5);
#3802 = AXIS2_PLACEMENT_3D('',#3803,#3804,#3805);
#3803 = CARTESIAN_POINT('',(-33.5,42.2,1.25));
#3804 = DIRECTION('',(1.,0.,0.));
#3805 = DIRECTION('',(0.,1.,0.));
#3806 = ORIENTED_EDGE('',*,*,#3807,.T.);
#3807 = EDGE_CURVE('',#3799,#3808,#3810,.T.);
#3808 = VERTEX_POINT('',#3809);
#3809 = CARTESIAN_POINT('',(-33.5,42.7,2.75));
#3810 = LINE('',#3811,#3812);
#3811 = CARTESIAN_POINT('',(-33.5,42.7,1.25));
#3812 = VECTOR('',#3813,1.);
#3813 = DIRECTION('',(0.,0.,1.));
#3814 = ORIENTED_EDGE('',*,*,#3815,.T.);
#3815 = EDGE_CURVE('',#3808,#3816,#3818,.T.);
#3816 = VERTEX_POINT('',#3817);
#3817 = CARTESIAN_POINT('',(-33.5,42.2,3.25));
#3818 = CIRCLE('',#3819,0.5);
#3819 = AXIS2_PLACEMENT_3D('',#3820,#3821,#3822);
#3820 = CARTESIAN_POINT('',(-33.5,42.2,2.75));
#3821 = DIRECTION('',(1.,0.,0.));
#3822 = DIRECTION('',(0.,1.,0.));
#3823 = ORIENTED_EDGE('',*,*,#3824,.T.);
#3824 = EDGE_CURVE('',#3816,#3606,#3825,.T.);
#3825 = LINE('',#3826,#3827);
#3826 = CARTESIAN_POINT('',(-33.5,42.2,3.25));
#3827 = VECTOR('',#3828,1.);
#3828 = DIRECTION('',(0.,-1.,0.));
#3829 = ORIENTED_EDGE('',*,*,#3613,.T.);
#3830 = PLANE('',#3831);
#3831 = AXIS2_PLACEMENT_3D('',#3832,#3833,#3834);
#3832 = CARTESIAN_POINT('',(-33.5,38.7,2.));
#3833 = DIRECTION('',(1.,0.,0.));
#3834 = DIRECTION('',(0.,0.,1.));
#3835 = ADVANCED_FACE('',(#3836),#3870,.T.);
#3836 = FACE_BOUND('',#3837,.T.);
#3837 = EDGE_LOOP('',(#3838,#3839,#3845,#3846,#3847,#3848,#3856,#3864));
#3838 = ORIENTED_EDGE('',*,*,#3706,.F.);
#3839 = ORIENTED_EDGE('',*,*,#3840,.T.);
#3840 = EDGE_CURVE('',#3698,#3816,#3841,.T.);
#3841 = LINE('',#3842,#3843);
#3842 = CARTESIAN_POINT('',(-30.,42.2,3.25));
#3843 = VECTOR('',#3844,1.);
#3844 = DIRECTION('',(-1.,-0.,-0.));
#3845 = ORIENTED_EDGE('',*,*,#3824,.T.);
#3846 = ORIENTED_EDGE('',*,*,#3603,.F.);
#3847 = ORIENTED_EDGE('',*,*,#3774,.F.);
#3848 = ORIENTED_EDGE('',*,*,#3849,.T.);
#3849 = EDGE_CURVE('',#3766,#3850,#3852,.T.);
#3850 = VERTEX_POINT('',#3851);
#3851 = CARTESIAN_POINT('',(-22.9,37.3,3.25));
#3852 = LINE('',#3853,#3854);
#3853 = CARTESIAN_POINT('',(-30.,37.3,3.25));
#3854 = VECTOR('',#3855,1.);
#3855 = DIRECTION('',(1.,0.,0.));
#3856 = ORIENTED_EDGE('',*,*,#3857,.F.);
#3857 = EDGE_CURVE('',#3858,#3850,#3860,.T.);
#3858 = VERTEX_POINT('',#3859);
#3859 = CARTESIAN_POINT('',(-22.9,40.1,3.25));
#3860 = LINE('',#3861,#3862);
#3861 = CARTESIAN_POINT('',(-22.9,40.1,3.25));
#3862 = VECTOR('',#3863,1.);
#3863 = DIRECTION('',(0.,-1.,0.));
#3864 = ORIENTED_EDGE('',*,*,#3865,.F.);
#3865 = EDGE_CURVE('',#3707,#3858,#3866,.T.);
#3866 = LINE('',#3867,#3868);
#3867 = CARTESIAN_POINT('',(-30.,40.1,3.25));
#3868 = VECTOR('',#3869,1.);
#3869 = DIRECTION('',(1.,0.,0.));
#3870 = PLANE('',#3871);
#3871 = AXIS2_PLACEMENT_3D('',#3872,#3873,#3874);
#3872 = CARTESIAN_POINT('',(-27.7743902439,38.7,3.25));
#3873 = DIRECTION('',(-9.1E-16,0.,1.));
#3874 = DIRECTION('',(1.,0.,9.1E-16));
#3875 = ADVANCED_FACE('',(#3876),#3887,.T.);
#3876 = FACE_BOUND('',#3877,.T.);
#3877 = EDGE_LOOP('',(#3878,#3879,#3880,#3886));
#3878 = ORIENTED_EDGE('',*,*,#3646,.T.);
#3879 = ORIENTED_EDGE('',*,*,#3790,.T.);
#3880 = ORIENTED_EDGE('',*,*,#3881,.F.);
#3881 = EDGE_CURVE('',#3673,#3791,#3882,.T.);
#3882 = LINE('',#3883,#3884);
#3883 = CARTESIAN_POINT('',(-30.,42.2,0.75));
#3884 = VECTOR('',#3885,1.);
#3885 = DIRECTION('',(-1.,-0.,-0.));
#3886 = ORIENTED_EDGE('',*,*,#3672,.F.);
#3887 = PLANE('',#3888);
#3888 = AXIS2_PLACEMENT_3D('',#3889,#3890,#3891);
#3889 = CARTESIAN_POINT('',(-30.,35.2,0.75));
#3890 = DIRECTION('',(0.,0.,-1.));
#3891 = DIRECTION('',(0.,1.,0.));
#3892 = ADVANCED_FACE('',(#3893),#3920,.T.);
#3893 = FACE_BOUND('',#3894,.F.);
#3894 = EDGE_LOOP('',(#3895,#3896,#3904,#3913,#3919));
#3895 = ORIENTED_EDGE('',*,*,#3849,.T.);
#3896 = ORIENTED_EDGE('',*,*,#3897,.T.);
#3897 = EDGE_CURVE('',#3850,#3898,#3900,.T.);
#3898 = VERTEX_POINT('',#3899);
#3899 = CARTESIAN_POINT('',(-20.,37.3,3.25));
#3900 = LINE('',#3901,#3902);
#3901 = CARTESIAN_POINT('',(-30.,37.3,3.25));
#3902 = VECTOR('',#3903,1.);
#3903 = DIRECTION('',(1.,0.,0.));
#3904 = ORIENTED_EDGE('',*,*,#3905,.T.);
#3905 = EDGE_CURVE('',#3898,#3906,#3908,.T.);
#3906 = VERTEX_POINT('',#3907);
#3907 = CARTESIAN_POINT('',(-20.,37.,2.95));
#3908 = CIRCLE('',#3909,0.3);
#3909 = AXIS2_PLACEMENT_3D('',#3910,#3911,#3912);
#3910 = CARTESIAN_POINT('',(-20.,37.3,2.95));
#3911 = DIRECTION('',(1.,0.,0.));
#3912 = DIRECTION('',(0.,1.,0.));
#3913 = ORIENTED_EDGE('',*,*,#3914,.F.);
#3914 = EDGE_CURVE('',#3758,#3906,#3915,.T.);
#3915 = LINE('',#3916,#3917);
#3916 = CARTESIAN_POINT('',(-30.,37.,2.95));
#3917 = VECTOR('',#3918,1.);
#3918 = DIRECTION('',(1.,0.,0.));
#3919 = ORIENTED_EDGE('',*,*,#3765,.F.);
#3920 = CYLINDRICAL_SURFACE('',#3921,0.3);
#3921 = AXIS2_PLACEMENT_3D('',#3922,#3923,#3924);
#3922 = CARTESIAN_POINT('',(-30.,37.3,2.95));
#3923 = DIRECTION('',(-1.,-0.,-0.));
#3924 = DIRECTION('',(0.,1.,0.));
#3925 = ADVANCED_FACE('',(#3926),#3944,.F.);
#3926 = FACE_BOUND('',#3927,.F.);
#3927 = EDGE_LOOP('',(#3928,#3929,#3937,#3943));
#3928 = ORIENTED_EDGE('',*,*,#3914,.T.);
#3929 = ORIENTED_EDGE('',*,*,#3930,.T.);
#3930 = EDGE_CURVE('',#3906,#3931,#3933,.T.);
#3931 = VERTEX_POINT('',#3932);
#3932 = CARTESIAN_POINT('',(-20.,37.,2.05));
#3933 = LINE('',#3934,#3935);
#3934 = CARTESIAN_POINT('',(-20.,37.,2.95));
#3935 = VECTOR('',#3936,1.);
#3936 = DIRECTION('',(0.,0.,-1.));
#3937 = ORIENTED_EDGE('',*,*,#3938,.F.);
#3938 = EDGE_CURVE('',#3749,#3931,#3939,.T.);
#3939 = LINE('',#3940,#3941);
#3940 = CARTESIAN_POINT('',(-30.,37.,2.05));
#3941 = VECTOR('',#3942,1.);
#3942 = DIRECTION('',(1.,0.,0.));
#3943 = ORIENTED_EDGE('',*,*,#3757,.F.);
#3944 = PLANE('',#3945);
#3945 = AXIS2_PLACEMENT_3D('',#3946,#3947,#3948);
#3946 = CARTESIAN_POINT('',(-30.,37.,2.95));
#3947 = DIRECTION('',(0.,1.,0.));
#3948 = DIRECTION('',(0.,0.,-1.));
#3949 = ADVANCED_FACE('',(#3950),#3969,.T.);
#3950 = FACE_BOUND('',#3951,.F.);
#3951 = EDGE_LOOP('',(#3952,#3953,#3962,#3968));
#3952 = ORIENTED_EDGE('',*,*,#3938,.T.);
#3953 = ORIENTED_EDGE('',*,*,#3954,.T.);
#3954 = EDGE_CURVE('',#3931,#3955,#3957,.T.);
#3955 = VERTEX_POINT('',#3956);
#3956 = CARTESIAN_POINT('',(-20.,37.3,1.75));
#3957 = CIRCLE('',#3958,0.3);
#3958 = AXIS2_PLACEMENT_3D('',#3959,#3960,#3961);
#3959 = CARTESIAN_POINT('',(-20.,37.3,2.05));
#3960 = DIRECTION('',(1.,0.,0.));
#3961 = DIRECTION('',(0.,1.,0.));
#3962 = ORIENTED_EDGE('',*,*,#3963,.F.);
#3963 = EDGE_CURVE('',#3741,#3955,#3964,.T.);
#3964 = LINE('',#3965,#3966);
#3965 = CARTESIAN_POINT('',(-30.,37.3,1.75));
#3966 = VECTOR('',#3967,1.);
#3967 = DIRECTION('',(1.,0.,0.));
#3968 = ORIENTED_EDGE('',*,*,#3748,.F.);
#3969 = CYLINDRICAL_SURFACE('',#3970,0.3);
#3970 = AXIS2_PLACEMENT_3D('',#3971,#3972,#3973);
#3971 = CARTESIAN_POINT('',(-30.,37.3,2.05));
#3972 = DIRECTION('',(-1.,-0.,-0.));
#3973 = DIRECTION('',(0.,1.,0.));
#3974 = ADVANCED_FACE('',(#3975),#3993,.F.);
#3975 = FACE_BOUND('',#3976,.F.);
#3976 = EDGE_LOOP('',(#3977,#3978,#3986,#3992));
#3977 = ORIENTED_EDGE('',*,*,#3963,.T.);
#3978 = ORIENTED_EDGE('',*,*,#3979,.T.);
#3979 = EDGE_CURVE('',#3955,#3980,#3982,.T.);
#3980 = VERTEX_POINT('',#3981);
#3981 = CARTESIAN_POINT('',(-20.,40.1,1.75));
#3982 = LINE('',#3983,#3984);
#3983 = CARTESIAN_POINT('',(-20.,37.3,1.75));
#3984 = VECTOR('',#3985,1.);
#3985 = DIRECTION('',(0.,1.,0.));
#3986 = ORIENTED_EDGE('',*,*,#3987,.F.);
#3987 = EDGE_CURVE('',#3732,#3980,#3988,.T.);
#3988 = LINE('',#3989,#3990);
#3989 = CARTESIAN_POINT('',(-30.,40.1,1.75));
#3990 = VECTOR('',#3991,1.);
#3991 = DIRECTION('',(1.,0.,0.));
#3992 = ORIENTED_EDGE('',*,*,#3740,.F.);
#3993 = PLANE('',#3994);
#3994 = AXIS2_PLACEMENT_3D('',#3995,#3996,#3997);
#3995 = CARTESIAN_POINT('',(-30.,37.3,1.75));
#3996 = DIRECTION('',(0.,0.,1.));
#3997 = DIRECTION('',(0.,1.,0.));
#3998 = ADVANCED_FACE('',(#3999),#4018,.T.);
#3999 = FACE_BOUND('',#4000,.F.);
#4000 = EDGE_LOOP('',(#4001,#4002,#4011,#4017));
#4001 = ORIENTED_EDGE('',*,*,#3987,.T.);
#4002 = ORIENTED_EDGE('',*,*,#4003,.T.);
#4003 = EDGE_CURVE('',#3980,#4004,#4006,.T.);
#4004 = VERTEX_POINT('',#4005);
#4005 = CARTESIAN_POINT('',(-20.,40.4,2.05));
#4006 = CIRCLE('',#4007,0.3);
#4007 = AXIS2_PLACEMENT_3D('',#4008,#4009,#4010);
#4008 = CARTESIAN_POINT('',(-20.,40.1,2.05));
#4009 = DIRECTION('',(1.,0.,0.));
#4010 = DIRECTION('',(0.,1.,0.));
#4011 = ORIENTED_EDGE('',*,*,#4012,.F.);
#4012 = EDGE_CURVE('',#3724,#4004,#4013,.T.);
#4013 = LINE('',#4014,#4015);
#4014 = CARTESIAN_POINT('',(-30.,40.4,2.05));
#4015 = VECTOR('',#4016,1.);
#4016 = DIRECTION('',(1.,0.,0.));
#4017 = ORIENTED_EDGE('',*,*,#3731,.F.);
#4018 = CYLINDRICAL_SURFACE('',#4019,0.3);
#4019 = AXIS2_PLACEMENT_3D('',#4020,#4021,#4022);
#4020 = CARTESIAN_POINT('',(-30.,40.1,2.05));
#4021 = DIRECTION('',(-1.,-0.,-0.));
#4022 = DIRECTION('',(0.,1.,0.));
#4023 = ADVANCED_FACE('',(#4024),#4042,.F.);
#4024 = FACE_BOUND('',#4025,.F.);
#4025 = EDGE_LOOP('',(#4026,#4027,#4035,#4041));
#4026 = ORIENTED_EDGE('',*,*,#4012,.T.);
#4027 = ORIENTED_EDGE('',*,*,#4028,.T.);
#4028 = EDGE_CURVE('',#4004,#4029,#4031,.T.);
#4029 = VERTEX_POINT('',#4030);
#4030 = CARTESIAN_POINT('',(-20.,40.4,2.95));
#4031 = LINE('',#4032,#4033);
#4032 = CARTESIAN_POINT('',(-20.,40.4,2.05));
#4033 = VECTOR('',#4034,1.);
#4034 = DIRECTION('',(0.,0.,1.));
#4035 = ORIENTED_EDGE('',*,*,#4036,.F.);
#4036 = EDGE_CURVE('',#3715,#4029,#4037,.T.);
#4037 = LINE('',#4038,#4039);
#4038 = CARTESIAN_POINT('',(-30.,40.4,2.95));
#4039 = VECTOR('',#4040,1.);
#4040 = DIRECTION('',(1.,0.,0.));
#4041 = ORIENTED_EDGE('',*,*,#3723,.F.);
#4042 = PLANE('',#4043);
#4043 = AXIS2_PLACEMENT_3D('',#4044,#4045,#4046);
#4044 = CARTESIAN_POINT('',(-30.,40.4,2.05));
#4045 = DIRECTION('',(0.,-1.,0.));
#4046 = DIRECTION('',(0.,0.,1.));
#4047 = ADVANCED_FACE('',(#4048),#4068,.T.);
#4048 = FACE_BOUND('',#4049,.F.);
#4049 = EDGE_LOOP('',(#4050,#4051,#4060,#4066,#4067));
#4050 = ORIENTED_EDGE('',*,*,#4036,.T.);
#4051 = ORIENTED_EDGE('',*,*,#4052,.T.);
#4052 = EDGE_CURVE('',#4029,#4053,#4055,.T.);
#4053 = VERTEX_POINT('',#4054);
#4054 = CARTESIAN_POINT('',(-20.,40.1,3.25));
#4055 = CIRCLE('',#4056,0.3);
#4056 = AXIS2_PLACEMENT_3D('',#4057,#4058,#4059);
#4057 = CARTESIAN_POINT('',(-20.,40.1,2.95));
#4058 = DIRECTION('',(1.,0.,0.));
#4059 = DIRECTION('',(0.,1.,0.));
#4060 = ORIENTED_EDGE('',*,*,#4061,.F.);
#4061 = EDGE_CURVE('',#3858,#4053,#4062,.T.);
#4062 = LINE('',#4063,#4064);
#4063 = CARTESIAN_POINT('',(-30.,40.1,3.25));
#4064 = VECTOR('',#4065,1.);
#4065 = DIRECTION('',(1.,0.,0.));
#4066 = ORIENTED_EDGE('',*,*,#3865,.F.);
#4067 = ORIENTED_EDGE('',*,*,#3714,.F.);
#4068 = CYLINDRICAL_SURFACE('',#4069,0.3);
#4069 = AXIS2_PLACEMENT_3D('',#4070,#4071,#4072);
#4070 = CARTESIAN_POINT('',(-30.,40.1,2.95));
#4071 = DIRECTION('',(-1.,-0.,-0.));
#4072 = DIRECTION('',(0.,1.,0.));
#4073 = ADVANCED_FACE('',(#4074),#4085,.T.);
#4074 = FACE_BOUND('',#4075,.T.);
#4075 = EDGE_LOOP('',(#4076,#4082,#4083,#4084));
#4076 = ORIENTED_EDGE('',*,*,#4077,.T.);
#4077 = EDGE_CURVE('',#3690,#3808,#4078,.T.);
#4078 = LINE('',#4079,#4080);
#4079 = CARTESIAN_POINT('',(-30.,42.7,2.75));
#4080 = VECTOR('',#4081,1.);
#4081 = DIRECTION('',(-1.,-0.,-0.));
#4082 = ORIENTED_EDGE('',*,*,#3815,.T.);
#4083 = ORIENTED_EDGE('',*,*,#3840,.F.);
#4084 = ORIENTED_EDGE('',*,*,#3697,.F.);
#4085 = CYLINDRICAL_SURFACE('',#4086,0.5);
#4086 = AXIS2_PLACEMENT_3D('',#4087,#4088,#4089);
#4087 = CARTESIAN_POINT('',(-30.,42.2,2.75));
#4088 = DIRECTION('',(1.,0.,0.));
#4089 = DIRECTION('',(0.,1.,0.));
#4090 = ADVANCED_FACE('',(#4091),#4102,.T.);
#4091 = FACE_BOUND('',#4092,.T.);
#4092 = EDGE_LOOP('',(#4093,#4099,#4100,#4101));
#4093 = ORIENTED_EDGE('',*,*,#4094,.T.);
#4094 = EDGE_CURVE('',#3681,#3799,#4095,.T.);
#4095 = LINE('',#4096,#4097);
#4096 = CARTESIAN_POINT('',(-30.,42.7,1.25));
#4097 = VECTOR('',#4098,1.);
#4098 = DIRECTION('',(-1.,-0.,-0.));
#4099 = ORIENTED_EDGE('',*,*,#3807,.T.);
#4100 = ORIENTED_EDGE('',*,*,#4077,.F.);
#4101 = ORIENTED_EDGE('',*,*,#3689,.F.);
#4102 = PLANE('',#4103);
#4103 = AXIS2_PLACEMENT_3D('',#4104,#4105,#4106);
#4104 = CARTESIAN_POINT('',(-30.,42.7,1.25));
#4105 = DIRECTION('',(0.,1.,0.));
#4106 = DIRECTION('',(0.,0.,1.));
#4107 = ADVANCED_FACE('',(#4108),#4114,.T.);
#4108 = FACE_BOUND('',#4109,.T.);
#4109 = EDGE_LOOP('',(#4110,#4111,#4112,#4113));
#4110 = ORIENTED_EDGE('',*,*,#3881,.T.);
#4111 = ORIENTED_EDGE('',*,*,#3798,.T.);
#4112 = ORIENTED_EDGE('',*,*,#4094,.F.);
#4113 = ORIENTED_EDGE('',*,*,#3680,.F.);
#4114 = CYLINDRICAL_SURFACE('',#4115,0.5);
#4115 = AXIS2_PLACEMENT_3D('',#4116,#4117,#4118);
#4116 = CARTESIAN_POINT('',(-30.,42.2,1.25));
#4117 = DIRECTION('',(1.,0.,0.));
#4118 = DIRECTION('',(0.,1.,0.));
#4119 = ADVANCED_FACE('',(#4120),#4145,.F.);
#4120 = FACE_BOUND('',#4121,.F.);
#4121 = EDGE_LOOP('',(#4122,#4130,#4138,#4144));
#4122 = ORIENTED_EDGE('',*,*,#4123,.T.);
#4123 = EDGE_CURVE('',#3858,#4124,#4126,.T.);
#4124 = VERTEX_POINT('',#4125);
#4125 = CARTESIAN_POINT('',(-22.9,40.1,7.25));
#4126 = LINE('',#4127,#4128);
#4127 = CARTESIAN_POINT('',(-22.9,40.1,3.25));
#4128 = VECTOR('',#4129,1.);
#4129 = DIRECTION('',(0.,0.,1.));
#4130 = ORIENTED_EDGE('',*,*,#4131,.T.);
#4131 = EDGE_CURVE('',#4124,#4132,#4134,.T.);
#4132 = VERTEX_POINT('',#4133);
#4133 = CARTESIAN_POINT('',(-22.9,37.3,7.25));
#4134 = LINE('',#4135,#4136);
#4135 = CARTESIAN_POINT('',(-22.9,40.1,7.25));
#4136 = VECTOR('',#4137,1.);
#4137 = DIRECTION('',(0.,-1.,0.));
#4138 = ORIENTED_EDGE('',*,*,#4139,.F.);
#4139 = EDGE_CURVE('',#3850,#4132,#4140,.T.);
#4140 = LINE('',#4141,#4142);
#4141 = CARTESIAN_POINT('',(-22.9,37.3,3.25));
#4142 = VECTOR('',#4143,1.);
#4143 = DIRECTION('',(0.,0.,1.));
#4144 = ORIENTED_EDGE('',*,*,#3857,.F.);
#4145 = PLANE('',#4146);
#4146 = AXIS2_PLACEMENT_3D('',#4147,#4148,#4149);
#4147 = CARTESIAN_POINT('',(-22.9,40.1,3.25));
#4148 = DIRECTION('',(1.,0.,0.));
#4149 = DIRECTION('',(0.,-1.,0.));
#4150 = ADVANCED_FACE('',(#4151),#4169,.F.);
#4151 = FACE_BOUND('',#4152,.F.);
#4152 = EDGE_LOOP('',(#4153,#4154,#4162,#4168));
#4153 = ORIENTED_EDGE('',*,*,#4139,.T.);
#4154 = ORIENTED_EDGE('',*,*,#4155,.T.);
#4155 = EDGE_CURVE('',#4132,#4156,#4158,.T.);
#4156 = VERTEX_POINT('',#4157);
#4157 = CARTESIAN_POINT('',(-20.,37.3,7.25));
#4158 = LINE('',#4159,#4160);
#4159 = CARTESIAN_POINT('',(-22.9,37.3,7.25));
#4160 = VECTOR('',#4161,1.);
#4161 = DIRECTION('',(1.,0.,0.));
#4162 = ORIENTED_EDGE('',*,*,#4163,.F.);
#4163 = EDGE_CURVE('',#3898,#4156,#4164,.T.);
#4164 = LINE('',#4165,#4166);
#4165 = CARTESIAN_POINT('',(-20.,37.3,3.25));
#4166 = VECTOR('',#4167,1.);
#4167 = DIRECTION('',(0.,0.,1.));
#4168 = ORIENTED_EDGE('',*,*,#3897,.F.);
#4169 = PLANE('',#4170);
#4170 = AXIS2_PLACEMENT_3D('',#4171,#4172,#4173);
#4171 = CARTESIAN_POINT('',(-22.9,37.3,3.25));
#4172 = DIRECTION('',(0.,1.,0.));
#4173 = DIRECTION('',(1.,0.,0.));
#4174 = ADVANCED_FACE('',(#4175),#4193,.F.);
#4175 = FACE_BOUND('',#4176,.F.);
#4176 = EDGE_LOOP('',(#4177,#4185,#4191,#4192));
#4177 = ORIENTED_EDGE('',*,*,#4178,.T.);
#4178 = EDGE_CURVE('',#4053,#4179,#4181,.T.);
#4179 = VERTEX_POINT('',#4180);
#4180 = CARTESIAN_POINT('',(-20.,40.1,7.25));
#4181 = LINE('',#4182,#4183);
#4182 = CARTESIAN_POINT('',(-20.,40.1,3.25));
#4183 = VECTOR('',#4184,1.);
#4184 = DIRECTION('',(0.,0.,1.));
#4185 = ORIENTED_EDGE('',*,*,#4186,.T.);
#4186 = EDGE_CURVE('',#4179,#4124,#4187,.T.);
#4187 = LINE('',#4188,#4189);
#4188 = CARTESIAN_POINT('',(-20.,40.1,7.25));
#4189 = VECTOR('',#4190,1.);
#4190 = DIRECTION('',(-1.,0.,0.));
#4191 = ORIENTED_EDGE('',*,*,#4123,.F.);
#4192 = ORIENTED_EDGE('',*,*,#4061,.T.);
#4193 = PLANE('',#4194);
#4194 = AXIS2_PLACEMENT_3D('',#4195,#4196,#4197);
#4195 = CARTESIAN_POINT('',(-20.,40.1,3.25));
#4196 = DIRECTION('',(0.,-1.,0.));
#4197 = DIRECTION('',(-1.,0.,0.));
#4198 = ADVANCED_FACE('',(#4199),#4210,.T.);
#4199 = FACE_BOUND('',#4200,.T.);
#4200 = EDGE_LOOP('',(#4201,#4207,#4208,#4209));
#4201 = ORIENTED_EDGE('',*,*,#4202,.T.);
#4202 = EDGE_CURVE('',#4156,#4179,#4203,.T.);
#4203 = LINE('',#4204,#4205);
#4204 = CARTESIAN_POINT('',(-20.,37.3,7.25));
#4205 = VECTOR('',#4206,1.);
#4206 = DIRECTION('',(0.,1.,0.));
#4207 = ORIENTED_EDGE('',*,*,#4186,.T.);
#4208 = ORIENTED_EDGE('',*,*,#4131,.T.);
#4209 = ORIENTED_EDGE('',*,*,#4155,.T.);
#4210 = PLANE('',#4211);
#4211 = AXIS2_PLACEMENT_3D('',#4212,#4213,#4214);
#4212 = CARTESIAN_POINT('',(-21.45,38.7,7.25));
#4213 = DIRECTION('',(0.,0.,1.));
#4214 = DIRECTION('',(1.,0.,0.));
#4215 = ADVANCED_FACE('',(#4216),#4228,.T.);
#4216 = FACE_BOUND('',#4217,.T.);
#4217 = EDGE_LOOP('',(#4218,#4219,#4220,#4221,#4222,#4223,#4224,#4225,
    #4226,#4227));
#4218 = ORIENTED_EDGE('',*,*,#3930,.T.);
#4219 = ORIENTED_EDGE('',*,*,#3954,.T.);
#4220 = ORIENTED_EDGE('',*,*,#3979,.T.);
#4221 = ORIENTED_EDGE('',*,*,#4003,.T.);
#4222 = ORIENTED_EDGE('',*,*,#4028,.T.);
#4223 = ORIENTED_EDGE('',*,*,#4052,.T.);
#4224 = ORIENTED_EDGE('',*,*,#4178,.T.);
#4225 = ORIENTED_EDGE('',*,*,#4202,.F.);
#4226 = ORIENTED_EDGE('',*,*,#4163,.F.);
#4227 = ORIENTED_EDGE('',*,*,#3905,.T.);
#4228 = PLANE('',#4229);
#4229 = AXIS2_PLACEMENT_3D('',#4230,#4231,#4232);
#4230 = CARTESIAN_POINT('',(-20.,38.7,4.423132941148));
#4231 = DIRECTION('',(1.,0.,5.5E-16));
#4232 = DIRECTION('',(-5.5E-16,0.,1.));
#4233 = ( GEOMETRIC_REPRESENTATION_CONTEXT(3) 
GLOBAL_UNCERTAINTY_ASSIGNED_CONTEXT((#4237)) 
GLOBAL_UNIT_ASSIGNED_CONTEXT((#4234,#4235,#4236)) REPRESENTATION_CONTEXT
('Context #1','3D Context with UNIT and UNCERTAINTY') );
#4234 = ( LENGTH_UNIT() NAMED_UNIT(*) SI_UNIT(.MILLI.,.METRE.) );
#4235 = ( NAMED_UNIT(*) PLANE_ANGLE_UNIT() SI_UNIT($,.RADIAN.) );
#4236 = ( NAMED_UNIT(*) SI_UNIT($,.STERADIAN.) SOLID_ANGLE_UNIT() );
#4237 = UNCERTAINTY_MEASURE_WITH_UNIT(LENGTH_MEASURE(1.E-07),#4234,
  'distance_accuracy_value','confusion accuracy');
#4238 = CONTEXT_DEPENDENT_SHAPE_REPRESENTATION(#4239,#4241);
#4239 = ( REPRESENTATION_RELATIONSHIP('','',#3556,#10) 
REPRESENTATION_RELATIONSHIP_WITH_TRANSFORMATION(#4240) 
SHAPE_REPRESENTATION_RELATIONSHIP() );
#4240 = ITEM_DEFINED_TRANSFORMATION('','',#11,#23);
#4241 = PRODUCT_DEFINITION_SHAPE('Placement','Placement of an item',
  #4242);
#4242 = NEXT_ASSEMBLY_USAGE_OCCURRENCE('3','ButtonCap','',#5,#3551,$);
#4243 = PRODUCT_RELATED_PRODUCT_CATEGORY('part',$,(#3553));
#4244 = MECHANICAL_DESIGN_GEOMETRIC_PRESENTATION_REPRESENTATION('',(
    #4245),#4233);
#4245 = STYLED_ITEM('color',(#4246),#3557);
#4246 = PRESENTATION_STYLE_ASSIGNMENT((#4247,#4253));
#4247 = SURFACE_STYLE_USAGE(.BOTH.,#4248);
#4248 = SURFACE_SIDE_STYLE('',(#4249));
#4249 = SURFACE_STYLE_FILL_AREA(#4250);
#4250 = FILL_AREA_STYLE('',(#4251));
#4251 = FILL_AREA_STYLE_COLOUR('',#4252);
#4252 = COLOUR_RGB('',0.447058818107,0.474509808674,0.501960817233);
#4253 = CURVE_STYLE('',#4254,POSITIVE_LENGTH_MEASURE(0.1),#4255);
#4254 = DRAUGHTING_PRE_DEFINED_CURVE_FONT('continuous');
#4255 = COLOUR_RGB('',9.803921802644E-02,9.803921802644E-02,
  9.803921802644E-02);
#4256 = MECHANICAL_DESIGN_GEOMETRIC_PRESENTATION_REPRESENTATION('',(
    #4257),#3538);
#4257 = STYLED_ITEM('color',(#4258),#2232);
#4258 = PRESENTATION_STYLE_ASSIGNMENT((#4259,#4264));
#4259 = SURFACE_STYLE_USAGE(.BOTH.,#4260);
#4260 = SURFACE_SIDE_STYLE('',(#4261));
#4261 = SURFACE_STYLE_FILL_AREA(#4262);
#4262 = FILL_AREA_STYLE('',(#4263));
#4263 = FILL_AREA_STYLE_COLOUR('',#4252);
#4264 = CURVE_STYLE('',#4265,POSITIVE_LENGTH_MEASURE(0.1),#4255);
#4265 = DRAUGHTING_PRE_DEFINED_CURVE_FONT('continuous');
#4266 = MECHANICAL_DESIGN_GEOMETRIC_PRESENTATION_REPRESENTATION('',(
    #4267),#2213);
#4267 = STYLED_ITEM('color',(#4268),#41);
#4268 = PRESENTATION_STYLE_ASSIGNMENT((#4269,#4274));
#4269 = SURFACE_STYLE_USAGE(.BOTH.,#4270);
#4270 = SURFACE_SIDE_STYLE('',(#4271));
#4271 = SURFACE_STYLE_FILL_AREA(#4272);
#4272 = FILL_AREA_STYLE('',(#4273));
#4273 = FILL_AREA_STYLE_COLOUR('',#4252);
#4274 = CURVE_STYLE('',#4275,POSITIVE_LENGTH_MEASURE(0.1),#4255);
#4275 = DRAUGHTING_PRE_DEFINED_CURVE_FONT('continuous');
ENDSEC;
END-ISO-10303-21;
